Tweets,Sentiment
Linear Transformation #Transformation #learning #machinelearning via https://t.co/KN3irU5cZw https://t.co/ZmR75Jgoda,Neutral Sentiment
"LIME (Local Interpretable Model-Agnostic Explanations)

Approximates any black-box machine learning model with a lo‚Ä¶ https://t.co/bA75DQx50B",Neutral Sentiment
"Sometimes I think I should start learning #rust, but then I think stick with #dotnet as it will have good support f‚Ä¶ https://t.co/NgMXBkU6bC",Positive Sentiment
"ü™Ñ100 days of data science 

                Day-11

 üî•7 Steps of Machine learning do you agree?

Thanks to‚Ä¶ https://t.co/VeDSAUN4tx",Positive Sentiment
"Top Machine Learning Startups that Aim to Excel in 2022
https://t.co/1QOXKkYlaO 
#MachineLearningStartups‚Ä¶ https://t.co/OjfYPws61O",Positive Sentiment
"Dimension refers to the number of input features/attributes or variables. 

Read More:
https://t.co/wsNCBPNOV6‚Ä¶ https://t.co/zZ7Z2TVXI6",Positive Sentiment
"Would love to win this, not a pro gamer but for my research on machine learning particularly keras, tensorflow whic‚Ä¶ https://t.co/gLgdV6vJAv",Positive Sentiment
"The most important thing to normalize! üòÇ

Follow us @ml_india_ for daily Machine Learning content. üôå

#BigData‚Ä¶ https://t.co/7lc08cmwDK",Positive Sentiment
"PhD Machine  Learning:https://t.co/2ZQGknDIZ6

#Phdassistance  #PhDMachineLearning #PhDThesisMachineLearning‚Ä¶ https://t.co/wmnBGYUqXy",Neutral Sentiment
"7 DevOps skills for #MachineLearning Operations!

#AI #ArtificialIntelligence #Python 
https://t.co/IpevcyQrVq",Neutral Sentiment
"Lenovo Legion 5 Pro AMD Gaming Laptop Overview &amp; 3x Giveaway! https://t.co/8tljLaA3oX via @YouTube 

This one is re‚Ä¶ https://t.co/7ainnYuBCU",Neutral Sentiment
@geekyranjit @Lenovo @AMD This one is really a boost to the Machine Learning Models ... Nice to have one!!‚Ä¶ https://t.co/gAQiHEqrYp,Positive Sentiment
"#clouddoor Github Copilot, but for Google Sheets spreadsheet formulas?  Can't wait until this shows up in Excel &amp;am‚Ä¶ https://t.co/VxMdL8wMga",Positive Sentiment
Overview of Subject Matter Eligibility Challenges Computer-based inventions ‚Äì especially in the machine learning (M‚Ä¶ https://t.co/YCJbHReIH1,Positive Sentiment
"Machine Learning Project Predict Will it Rain Tomorrow in Australia

https://t.co/6N7j6BFVhV

#programming‚Ä¶ https://t.co/3iT9cJudif",Neutral Sentiment
"Text Classification in Javascript: Comparing Natural.js Vs. Brain.js Vs. TensorFlow.js
https://t.co/H5JSxenund
Text‚Ä¶ https://t.co/zKCLwEt4wQ",Positive Sentiment
5 Ways Machine Learning Is Revolutionizing Digital Marketing #machinelearning https://t.co/NuCWcxV1w9,Neutral Sentiment
"Learn how Cognizant enables clients to diverse, top-talent technology teams to modernize core platforms, transform‚Ä¶ https://t.co/YBale4JNOf",Positive Sentiment
"Contact center agents have become a lifeline for many businesses.

Check out how contact center leaders can equip t‚Ä¶ https://t.co/s5wMsVtFzK",Neutral Sentiment
$orai is the first layer 1 project to pair smart contracts with machine learning #altcoins #cryptocurrency $ftm $near,Positive Sentiment
Top Machine Learning Applications Used By¬†Businesses https://t.co/knB0Gv4XGy,Positive Sentiment
"#Cortex Update #86

-Cortex Labs latest whitepaper 2.0 is releasedÔºõ
-Cortex Labs latest Road map is publishedÔºõ
-Cor‚Ä¶ https://t.co/n0oDaVIHpC",Neutral Sentiment
Different Types of Distance Measures in Machine Learning https://t.co/Rds71vN1wN #datascience #machinelearning,Neutral Sentiment
"#clouddoor Finally got accepted to trial GitHub Copilot, hopefully I‚Äôll get some time tomorrow to see how it performs for Machine Learning.",Positive Sentiment
"Build 60 Powerful Data Science, Machine Learning Projects #AugmentedReality #deeplearning #learning  https://t.co/45Le9PMuWa",Positive Sentiment
Best Free Resources To Learn Machine Learning And Deep Learning #Datavis via https://t.co/cBj7YRwrst https://t.co/rRBpxb7kJk,Positive Sentiment
Apollo Tyres Goes All-In on AWS to Make Factories Smarter with IoT and Machine Learning #CloudComputing  https://t.co/qqKNSyQlFB,Positive Sentiment
"Interesting case study - Apollo Tyres goes All-In on AWS

https://t.co/G0Q4Wp5ReF

#AWS #cloudcomputing #apollotyre‚Ä¶ https://t.co/hHXlyu4Qd6",Positive Sentiment
"@PepiPepik @RaviVora to dip your toes you could look at tools like @runwayml 
some example work ~ https://t.co/8Bk7MpFtf6",Neutral Sentiment
Difference between Machine Learning  https://t.co/25l5YFZ9Y6,Neutral Sentiment
#Microsoft #AI Open-Sources ‚ÄòSynapseML‚Äô For Developing Scalable #MachineLearning Pipelines - News by‚Ä¶ https://t.co/uVya5pC7r3,Neutral Sentiment
"@CatherineAdenle Infographic: How to start a career in Data Science &amp; Machine Learning 

#Hackathon #Data‚Ä¶ https://t.co/MYGe9xQADH",Neutral Sentiment
"Be it Stocks or Cryptos

Invest in the future:

‚Ä¢ Robotics
‚Ä¢ Blockchain 
‚Ä¢ Clean Energy
‚Ä¢ Electric Vehicle
‚Ä¢ Meat A‚Ä¶ https://t.co/EUQr9Cb6Xl",Positive Sentiment
@geekyranjit @Lenovo @AMD Legion 5 Pro is one of the best laptops that you can buy right now. With an RTX 3070 and‚Ä¶ https://t.co/5jPwwAUQvs,Positive Sentiment
"""Willie Nelson by Jason Archer"" Machine Learning Art 2k Video https://t.co/KuSaZ0n4j5 via @YouTube 
using hacked ve‚Ä¶ https://t.co/JqBccjXIXb",Neutral Sentiment
@Humblefool_14 When you're mind is fried thinking about machine learning haha,Positive Sentiment
The Food and Drug Administration recently sought comments on the role of transparency for artificial intelligence a‚Ä¶ https://t.co/1jFwGwHLQU,Neutral Sentiment
@geekyranjit @Lenovo @AMD Seems this is not only best machine for Gamer but also for Data Science Enthusiast who wo‚Ä¶ https://t.co/j780apWH9D,Positive Sentiment
"Learn how to solve Design Challenges in Machine Learning Products, in the free ebook by @NadiaPiet, @Jvb_nl and‚Ä¶ https://t.co/sH4UJjaHq4",Positive Sentiment
Naona mmeamua mpatie machine learning models training set,Neutral Sentiment
"It it very important to think in terms of representations in #MachineLearning  so I wrote a blogpost about that. 
https://t.co/e7PUIidhTh",Positive Sentiment
"@Google @bing 3. Accuracy

Implementing machine learning makes systems very accurate. 

Businesses can now cut down‚Ä¶ https://t.co/KazSUxxdVM",Nagetive Sentiment
"Machine Learning Project Predict Forest Cover

https://t.co/FzT97Nh6ay

#machinelearning #ml #datascience‚Ä¶ https://t.co/RGiLxpiVos",Neutral Sentiment
"‚ÄúA breakthrough in machine learning would be worth ten Microsofts.‚Äù - Bill Gates 

Join us as ITS IEEE AIT STB are‚Ä¶ https://t.co/wsx391vA90",Positive Sentiment
#8 Dataset Information |  House Price Prediction Machine Learning End-To... https://t.co/rXOBHFuMd6 via @YouTube,Neutral Sentiment
@geekyranjit @Lenovo @AMD This beast performs pretty amazing in gaming &amp; benchmarks! @geekyranjit is it possible fo‚Ä¶ https://t.co/15gyfCnKgq,Positive Sentiment
"Exploring the Limitations of Machine Learning
https://t.co/MtEKiIzTjI
A discussion on the limitations of machine‚Ä¶ https://t.co/wFiUQvvrtM",Nagetive Sentiment
"A Gentle Introduction to Data Augmentation
https://t.co/le2HB93Wd2
Data augmentation is a set of techniques used to‚Ä¶ https://t.co/b68cEmYJ8b",Positive Sentiment
Which would be best for a developer working from home? (Web + Docker + Mobile + Machine Learning)‚Ä¶ https://t.co/NnjsM4p3Y4,Positive Sentiment
"Machine Learning Pipeline Application on Power Plant.

https://t.co/0Zc1thX9qG

#datascience #machinelearning‚Ä¶ https://t.co/DfO2uKYJH1",Neutral Sentiment
"#100daysofcodechallenge
Day 3- Creating some small Machine Learning projects.
-Dice Roller Simulator in Python
-Roc‚Ä¶ https://t.co/d3vblryYG9",Positive Sentiment
#Agriculture Use Cases &amp; Machine Learning Applications https://t.co/7Fsj2ighOA #deeplearning #datascience #machinelearning,Neutral Sentiment
"I'm sorry, but using big words like ""machine learning"" on a date won't get you laid tonight, bub",Nagetive Sentiment
SevenMentor | AI | Data Science | Machine Learning Classes on #Google https://t.co/3xWX2pdphf,Neutral Sentiment
"Build 60 Powerful Data Science, Machine Learning Projects #DeepLearning #augmentedreality #learning via‚Ä¶ https://t.co/6RxZmuQVYt",Positive Sentiment
"@TechieLass @Karl_ITNerd Hi!
I am Saurabh and I am a Data Scientist. I work and tweet about Azure Machine Learning‚Ä¶ https://t.co/MIerxpsIjB",Neutral Sentiment
"(1/28) What is not #Blockchain?
First, let's find what Blockchain is NOT. Blockchain is not
üëâüèª Cryptocurrency.
üëâüèª P‚Ä¶ https://t.co/cArYiCBem3",Neutral Sentiment
"How to use the Lazy Predict library to select the best machine learning model #DataScience 
https://t.co/XBqNVwUuci",Positive Sentiment
@geekyranjit @Lenovo @AMD Guys do watch this video. 1 of the best OG Youtubers who selected to get banned by Chines‚Ä¶ https://t.co/sSVBhvh9a9,Positive Sentiment
"üß† New to Amazon SageMaker?

Check out this guest blog from @mrjoshualat (AWS Machine Learning Hero)  as he demonstr‚Ä¶ https://t.co/c6UsarulWm",Positive Sentiment
"MS Machine Learning / AI vs MS Data Science vs MS Business/Data Analytics

https://t.co/TkaFNIC2Lp https://t.co/KJCAgF460c",Neutral Sentiment
"Machine Learning Project on Mushroom Classification whether it‚Äôs edible or poisonous 

https://t.co/93JIEBa66y‚Ä¶ https://t.co/pAANRknQ0c",Nagetive Sentiment
"#funfact
Found it helpful?
Comment Your views üëá

#Teksands #machine_learning #artificial_intelligence
#frameworks‚Ä¶ https://t.co/iqcofGIits",Positive Sentiment
"üôå Ahmet Melek, Machine Learning Engineer at Primer AI as he talks about the Introduction to NLP.

#gdg #gdgcdo‚Ä¶ https://t.co/taMRf6fyux",Neutral Sentiment
AWS Training will make you become an expert in Various Aspects of AWS Cloud computing Roles Such as Cloud Practitio‚Ä¶ https://t.co/VTxIoFzB3f,Neutral Sentiment
This Eduonix video is a part of our upcoming Live Machine Learning Program will introduce you to the concept of Ens‚Ä¶ https://t.co/azR4QhmYk1,Neutral Sentiment
The Promise and Challenges of AI and Machine Learning for Cybersecurity #Learning #cybersecurity #machinelearning v‚Ä¶ https://t.co/Ov0fMRvEYY,Positive Sentiment
Adventures in Drone Photogrammetry Using Rust and Machine Learning https://t.co/8hH8pMLBin,Positive Sentiment
"Department of ECE and CSE organizing One day hands-on workshop on Machine Learning  on 27th Nov 2021

#ksrmece‚Ä¶ https://t.co/1OAAH6ibzn",Positive Sentiment
"üì£ Happening now at the Main Hall:

Ahmet Melek, Machine Learning Engineer at Primer AI talking about the Introducti‚Ä¶ https://t.co/p4vqXQ74B0",Neutral Sentiment
"Are you up for a #challenge?
Take on this opportunity to participate in the ‚ÄúData &amp; Machine Learning II‚Äù #quiz and‚Ä¶ https://t.co/B4oLSmfwAM",Positive Sentiment
@andresbytes What about Python and machine learning and all?!!??,Neutral Sentiment
"@amerix Stephen Juma
Currently in Nairobi
Looking for Internship in Data Science field
Did mathematics and Computer‚Ä¶ https://t.co/twiKDBm3sG",Neutral Sentiment
Machine Learning in Pharma: Mindbreeze InSpire #ITSM #learning via https://t.co/KN3irU5cZw https://t.co/2m1CW12jpw,Neutral Sentiment
One of the great benefits of learning math (especially calculus and linear algebra) and understanding the underlyin‚Ä¶ https://t.co/zo17jsnaS8,Positive Sentiment
We usually use Kubernetes in managing app and server deployment. But how about Machine Learning models? Using their‚Ä¶ https://t.co/DdBNS7dw22,Neutral Sentiment
SevenMentor | AI | Data Science | Machine Learning Classes on #Google https://t.co/fdRLLiMmBR,Neutral Sentiment
"https://t.co/ni0VrPUjqr
for example machine learning for texture compression
which basically what bcpack is all abo‚Ä¶ https://t.co/eFiQa40QQu",Neutral Sentiment
SevenMentor | AI | Data Science | Machine Learning Classes on #Google https://t.co/faoDwQDYrJ,Neutral Sentiment
Akira‚Äôs Machine Learning News‚Ää‚Äî‚ÄäIssue #36 https://t.co/LNhz48ppAu,Neutral Sentiment
Akira‚Äôs Machine Learning News‚Ää‚Äî‚ÄäIssue #35 https://t.co/6Ht6sfRu1j,Neutral Sentiment
Create Stunning App with Machine Learning Model using Coda https://t.co/gZil2jzma2,Positive Sentiment
The bitter truth of the current state of Machine Learning Research. https://t.co/hwBQqcy2HC,Nagetive Sentiment
"To implement industry 4.0 in MSME's we need infrastructure, automation and machine learning. We need to priorities‚Ä¶ https://t.co/c8GrIda0Y7",Neutral Sentiment
"@amerix Bsc. Mathematical Science with IT
Good in Data analysis and Visualization
Good in Machine learning techniques
Open for opportunities",Positive Sentiment
@geekyranjit @Lenovo @AMD Seems this is not only best machine for Gamer but also for Data Science Enthusiast who wo‚Ä¶ https://t.co/xMjekY6dj9,Positive Sentiment
Bayesian Machine Learning in Python #Learning #deeplearning via https://t.co/6qPcNWrkFh https://t.co/lKxG7jNmYO,Neutral Sentiment
"Machine Learning Project on Sales Prediction or Sale Forecast

https://t.co/91tnPERpKA

#bigdata #apachespark‚Ä¶ https://t.co/OEACqTm8xQ",Neutral Sentiment
"""Every skill you have today was once unknown to you.

The human brain is a learning machine. Stick with it.""

-@JamesClear",Neutral Sentiment
"üìåData drift is an everyday challenge in Data Science and Machine Learning. In this introductory overview, you'll le‚Ä¶ https://t.co/fLeciKwMCD",Positive Sentiment
"https://t.co/Lly9Q7MUEv
#GeekyRanjitLegion5ProlLaptopGiveaway 
Amazing Powerful laptop!
Would love to win this give‚Ä¶ https://t.co/QMnc1thLvw",Positive Sentiment
"@geekyranjit @Lenovo @AMD #GeekyRanjitLegion5ProlLaptopGiveaway 
Would love to have such a Powerful laptop that'll‚Ä¶ https://t.co/8PfSVEcLHw",Positive Sentiment
"@geekyranjit @Lenovo @AMD URL: https://t.co/MHN6EgHe67

I am a Machine Learning Student and the laptop that I am us‚Ä¶ https://t.co/CigwSwOpmE",Neutral Sentiment
"For several AI-powered software projects, we have used our expertise on üöÄ
‚ñ™Ô∏è Machine learning
‚ñ™Ô∏è Data science
‚ñ™Ô∏è Sc‚Ä¶ https://t.co/KIr8ZrsX4N",Neutral Sentiment
"""There is substantially more data available to us with more uses than we probably ever could have imagined. That‚Äôs‚Ä¶ https://t.co/N74jsR4Zgf",Neutral Sentiment
@Speicherx I‚Äôm in nansen alpha. I run a hedge fund based on machine learning. I‚Äôm looking to join a local üá∏üá¨ group‚Ä¶ https://t.co/czHpfdBrEg,Positive Sentiment
Transformers are leading the Machine Learning industry in terms of accuracy. Here's architecture of transformers! ü§ì‚Ä¶ https://t.co/1UHdhhlYbn,Neutral Sentiment
"Masters in AI-Machine Learning as Reapplicant for Chemical Engineering Graduate in Mid-30s

https://t.co/uI01Eh61zl",Neutral Sentiment
"The field of deep learning has gained a lot of attraction in the last few years. 

Read More:‚Ä¶ https://t.co/fA6BIXTChx",Positive Sentiment
"I am planning to take machine learning course at Kaggle, but I believe it is nice to have some Python recap. 

The‚Ä¶ https://t.co/gPioVqKQRl",Positive Sentiment
Top 10 Machine Learning Research Papers of 2021 #DeepLearning #learning #machinelearning via https://t.co/cBj7YRwrst https://t.co/XGOGQ3RbK9,Positive Sentiment
Dual Masters in Sustainable Energy with Thesis in Electricity Demand and Machine Learning | Q&amp;A with InnoEnergy Mas‚Ä¶ https://t.co/UEc86m5FHO,Positive Sentiment
@In_Sane_Saint It's also called Machine Learning üòÜ,Neutral Sentiment
"#JaguzaLivestockApp is an online and offline livestock management system that uses Internet of things, machine lear‚Ä¶ https://t.co/muOXjEEA06",Nagetive Sentiment
Is there any Machine Learning Course in Udemy that suit for beginner without CS degree who wants to learn from scra‚Ä¶ https://t.co/dzQvjCRlyK,Positive Sentiment
Computers have become ubiquitous in the investment process whether it is through algorithmic/machine-learning or ar‚Ä¶ https://t.co/KUpCdbZWtz,Neutral Sentiment
"ApplyingML ‚Äì Papers, Guides, and Interviews with Machine Learning Practitioners https://t.co/HUzQrhiHfs",Neutral Sentiment
Your love for programming is another opportunity just waiting to be decoded. Enroll for the Certificate Programme i‚Ä¶ https://t.co/uyi3ObXKa1,Positive Sentiment
"Machine Learning Project ‚Äì Build Movies Recommendation Engine using Apache Spark

https://t.co/0OBhVWV92I‚Ä¶ https://t.co/uu425PiYc8",Positive Sentiment
"üì¢ Introducing our third speaker for our Devfest 2021 Edmund Salcedo Jr., join him on his talk about Synthetic Datas‚Ä¶ https://t.co/cgcmKphxDS",Positive Sentiment
"Understanding Machine Learning &amp; Deep Learning

https://t.co/jbVLYvmUwu https://t.co/zRiKLfq7BQ",Neutral Sentiment
"Klevu helps over 3,000 brands use data and machine learning to improve product search. Image: 

https://t.co/zSsXMwku3h via @morningbrew",Positive Sentiment
"Great news! Ericsson and Indosat Oreedoo just won the ""Managed Services Innovation of the Year‚Äù GLOTEL award for le‚Ä¶ https://t.co/OigJWUy34h",Positive Sentiment
@ahmedelbaz744 Machine learning,Neutral Sentiment
"Linear Regression using Normal Equation
https://t.co/klrDTqF4Kf
Overview  Linear Regression is the first algorithm‚Ä¶ https://t.co/sTpHJl833M",Neutral Sentiment
"@RoopsSaxena @Twitter Machine Learning isn't yet perfect. Write to Twitter tagging @dotMudge @jack 
About a year ag‚Ä¶ https://t.co/kePVq0ZVlE",Positive Sentiment
@atahasnain53 26/11 may never happen again. Machine Learning using AI has reduced possibilities. I've close blood r‚Ä¶ https://t.co/htPrkn01lY,Neutral Sentiment
# Algo Professor to find Best Machine Learning Algorithm Using Auto ML https://t.co/XT2y8aFxwr,Positive Sentiment
# Algo Professor to find Best Machine Learning Algorithm Using Auto ML https://t.co/BJhG9VYgdP,Positive Sentiment
"Machine Learning

Leverage data-rich services to solve complex business challenges with machine learning‚Ä¶ https://t.co/H1bZXxx9lL",Positive Sentiment
Machine Learning: Explain It or Bust https://t.co/hTodsDSy2f @Cfasocietyindia https://t.co/vRnSOTNWSI,Neutral Sentiment
"Top 7 Machine Learning Courses to Enroll in 2022 Without Fail 
https://t.co/SMb7eIl8GY
#machinelearning‚Ä¶ https://t.co/uVKG8FuvLB",Nagetive Sentiment
"Dr. Harsha S, Professor &amp; HoD of AI &amp; machine learning. His interaction with the students was stupedous, he accentu‚Ä¶ https://t.co/KYUuY3W8JP",Neutral Sentiment
"We, CSBS department is organizing a Hands-on Training on Machine Learning using Python on tomorrow 27.11.2021 https://t.co/tixPQzAQ6p",Positive Sentiment
"Thank you for the Valuable time. 
I'm Hemachandiran. 
üåÄ 23 years old, QA from India. 
üåÄ Aspiring for Full Stack Dev‚Ä¶ https://t.co/AkkAgbuXIi",Positive Sentiment
Twitter algo placed this üëá tweet under Machine Learning! ü§¶üèº‚Äç‚ôÇÔ∏è https://t.co/8IBDE86v0f,Neutral Sentiment
"RT @YuanCommunity: Combining machine learning and quantum computing improves both accuracy and speed, the two succe‚Ä¶ https://t.co/y6AyrtopeO",Positive Sentiment
"This week I have officially started as a Machine learning Architect.After 5 years of struggling ,learning,teaching‚Ä¶ https://t.co/XqgAfRSq2Z",Nagetive Sentiment
Inference machine learning models in the browser with JavaScript and ONNX Runtime Web ‚Äì React¬†Developer https://t.co/sgXwSWemNU,Neutral Sentiment
"Why would you need it when there is already Azure ML Service?

In general, if your dataset is small you use Azure M‚Ä¶ https://t.co/rxFHeYtOfj",Neutral Sentiment
"DP 100: One of the sections in the certification track is about Azure Databricks, an Apache Spark-based analytics p‚Ä¶ https://t.co/931oeIKvB0",Positive Sentiment
"Customer Segmentation using Machine Learning in Apache Spark

https://t.co/cohCWalWqg

#machinelearning‚Ä¶ https://t.co/V5CgqSnnJQ",Positive Sentiment
"@svpino posting Dope üî• content as usual.

Can't wait to find more people who post machine learning related content‚Ä¶ https://t.co/toLKUQaIuI",Neutral Sentiment
"Top JavaScript Based Machine Learning Frameworks üöÄ

üëâ Brain.js
üëâ TensorFlow.js
üëâ Keras.js
üëâ Neuro.js
üëâ ML5.js
üëâ WebDNN
üëâ DeepForge",Positive Sentiment
This Eduonix video ‚ÄúDeep Learning Models‚Äù as a part of our upcoming Live Machine Learning Program will provide you‚Ä¶ https://t.co/V28MU9M38C,Neutral Sentiment
Estimating the marginal carbon intensity of electricity with machine learning https://t.co/dErj5oHhM4,Neutral Sentiment
"How To Improve Software Product Development With Machine Learning
https://t.co/lrqLjrs60d
A guide on how to Improve‚Ä¶ https://t.co/YEowEXZnIz",Positive Sentiment
"While everyone is out there giving out roadmaps and stuff, we decided to go ""OneStep"" further and built something t‚Ä¶ https://t.co/vuVLvBWodZ",Positive Sentiment
Why Zerodha Thinks 'Powered by AI' Is Superfluous Marketing #DigitalTransformation #digital #marketing via‚Ä¶ https://t.co/VJe6szS9Ap,Neutral Sentiment
"Don't submit then quit. Apply for jobs like ""Machine Learning Engineer - Remote Option"" at Sitecore, then look for‚Ä¶ https://t.co/jX3bKzyylU",Neutral Sentiment
üîî Twitter's most shared #healthTech content is tracked in FREE realtime reports and weekly digests by‚Ä¶ https://t.co/ftSrMGQA5q,Positive Sentiment
@thesakshishukla Learn Blockchain Technology and Machine Learning,Neutral Sentiment
"The arrival of artificial intelligence and machine learning has added more value to people analytics, creating a pi‚Ä¶ https://t.co/Cupqa3JblB",Positive Sentiment
"Halo, Sahabat Budaya!üëã

Algoritma Data Science Scholarship merupakan beasiswa  Kursus Online - Program Lifetime Lea‚Ä¶ https://t.co/TLH8fD82Ga",Neutral Sentiment
"""ùë©ùíÜùíÑùíêùíéùíÜ ùë´ùíÜùíóùë∂ùíëùíî ùë¨ùíôùíëùíÜùíìùíï ùíèùíêùíò ùíòùíäùíïùíâ ùëªùíÜùíåùíîùíÇùíèùíÖùíî""
ü§© ùêÑùêßùê´ùê®ùê•ùê• ùêçùê®ùê∞: https://t.co/I7tccZGkI4
‚ûñ‚ûñ‚ûñ‚ûñ‚ûñ‚ûñ‚ûñ‚ûñ‚ûñ‚ûñ‚ûñ‚ûñ‚ûñ‚ûñ‚Å£
#Teksands‚Ä¶ https://t.co/hQd0kUyWD5",Neutral Sentiment
"Founders, especially Indonesian startup founders, if you want to build a startup and you're looking for a startup i‚Ä¶ https://t.co/Mn6VEsKqmu",Positive Sentiment
@PrakashShah09 @vikramsampath Indian Judiciary will be the best use case for Machine Learning and Data Analytics,Positive Sentiment
IBM unveils world-first machine learning training method for GDPR-compliance - https://t.co/k8pGh6FzHQ‚Ä¶ https://t.co/gU31T6Le5n,Neutral Sentiment
Machine Learning Engineer - Financial Data Science Platform https://t.co/eB6NohGAGE #DataScientist‚Ä¶ https://t.co/PpeeB7UBG8,Neutral Sentiment
"Debugging the Entire Morning + Afternoon, and after a lot of struggle, tabs opened, music listened. 
I couldn't sol‚Ä¶ https://t.co/CfuO2Err3n",Nagetive Sentiment
Overfitting and Underfitting in Machine Learning https://t.co/Eg2Ia5PB2E,Neutral Sentiment
"Deep learning (DL), a part of machine learning (ML), uses modern artificial neural networks.

Vishnu Makkapati,Asso‚Ä¶ https://t.co/7JB2iqT6UV",Neutral Sentiment
Hey I want you to find a LinkedIn profile of more active volunteer at this organization  https://t.co/O0yjRW7wRe‚Ä¶ https://t.co/O47cTZlzRg,Positive Sentiment
What is R in SQL Server aka Machine Learning in SQL Server 2017 https://t.co/63WazuCJ0X #howitworks,Neutral Sentiment
"5 ""Best"" #MachineLearning &amp; #AI #Books of All Time (2021) 

#ArtificialIntelligence #Algorithm #ML #DeepLearning‚Ä¶ https://t.co/ugtiw1IXp0",Positive Sentiment
"Dr. KamalKant Hiran, co-author of ""Machine Learning"", with his copy of the book.

‚ú≥Ô∏èBuy Now‚ú≥Ô∏è‚Ä¶ https://t.co/7GNTwH4bt9",Neutral Sentiment
"I finished season 3 of @PowrCorrupts by @brianklaas yesterday. I highly recommend it, it's starts with off-shore ta‚Ä¶ https://t.co/l1cYE7p0xF",Positive Sentiment
"'Powered by #AI' Is Superfluous Marketing, Pure Hogwash: Zerodha
https://t.co/inOkg4ugTb",Neutral Sentiment
"""Using artificial intelligence, machine learning, and Internet of Things (IoT), Lycan will soon let its riders comm‚Ä¶ https://t.co/tgyhM3hTD2",Positive Sentiment
Your certificate for attending the ML workshop awaits you. Join us for a hands-on session on ‚ÄòDetect Malicious User‚Ä¶ https://t.co/wnCZTQF6bh,Positive Sentiment
"Machine Learning ‚Äì Training, Validation &amp; Test Data Set https://t.co/kJ7NBLHKcN #machinelearning #datascience",Neutral Sentiment
"Learn Machine learning &amp; AI (Including Hands-on 3 Projects) [FREE]

#FresherCooker

#MachineLearning #ML
https://t.co/kv5xJ0sguw",Positive Sentiment
@NationAfrica Buy yourself a Magnifying glass: A Lawyer will do or if you are poor a paralegal. But if you can‚Äôt af‚Ä¶ https://t.co/Rxlbrsy7t7,Nagetive Sentiment
Understanding Machine Learning and Artificial Intelligence AI in the most popular way https://t.co/AJlmQgx5xK,Positive Sentiment
Machine Learning in World of Genomics and Genetics @ani_chaudhari #100daysofcode https://t.co/I9BhOdiNqy #machinelearning,Neutral Sentiment
"Are you interested in learning about fiber laser engraving and cutting machines?
If you're interested in any laser‚Ä¶ https://t.co/GkxfpRJq2B",Positive Sentiment
Advancing #AI with #Data and #Machine #Learning: What Else is Needed? https://t.co/2cxcFCSXw0,Neutral Sentiment
"List of Common Machine Learning Algorithms
Linear Regression.
Logistic Regression.
Decision Tree.
SVM.
Naive Bayes.‚Ä¶ https://t.co/baZ4jU6ZVz",Nagetive Sentiment
We continue on the Machine Learning track with the second session on ‚ÄòAutomating lending cycle with AWS AI/ML‚Äô with‚Ä¶ https://t.co/XrQE3T2Qh5,Neutral Sentiment
Build Data Science &amp; Machine Learning Projects From Scratch #Learning #bigdata #machinelearning via‚Ä¶ https://t.co/dKbS3ju2RR,Neutral Sentiment
"WRFASE- 404th International Conference on Computer Science, Machine Learning and Big Data (ICCSMLBD) on 5th - 6th J‚Ä¶ https://t.co/ADEsi1E7Ba",Neutral Sentiment
3 Differences Between Coding in Data Science and Machine Learning #Learning #bigdata via https://t.co/J8WAVitxGc https://t.co/GCjQ1etBaB,Neutral Sentiment
"How to Transform #MachineLearning Models into Native Code with Zero Dependencies

https://t.co/1UYuUZeLvp",Neutral Sentiment
Giving robots social skills: A new machine-learning system helps robots understand and perform certain social inter‚Ä¶ https://t.co/4Z54FLQgT8,Positive Sentiment
@DontezAkram Me please...Currently using a Windows 7 machine. Never owned a MacBook my entire life. It would be a g‚Ä¶ https://t.co/Pkh0rq5eLR,Positive Sentiment
"#AI¬†has risen as the next major trend in #technology. 

Organizations all over the world are implementing preseason‚Ä¶ https://t.co/nptH303yCJ",Neutral Sentiment
"Machine Learning Real World Case Studies | Hands-on Python [FREE]

#FresherCooker

#MachineLearning #ML
https://t.co/oy0ITHRWOJ",Positive Sentiment
"Operationalizing machine learning in processes
https://t.co/gmgIZoG58E    #MachineLearning",Neutral Sentiment
@carterthecomic &amp; @jaydjenkins talk about #VertexAI with guest @erwinhuizenga. He helps us understand the Asia Paci‚Ä¶ https://t.co/6wd4sgf0ra,Positive Sentiment
"#AI projects must invest in ethics from the very inception.

#Artificialintelligence can take a rude turn, especial‚Ä¶ https://t.co/lKopL3nxeI",Nagetive Sentiment
"Are you ready to dive deep into the three tracks at the #AWSFintechForum? Session one in the Data Analytics track,‚Ä¶ https://t.co/OcN2kMrcT4",Positive Sentiment
"There are 3 key areas that fintechs must focus on - Data Analysis, Security &amp; Compliance &amp; Machine Learning. Kumara‚Ä¶ https://t.co/QeCdh0sADV",Positive Sentiment
"MS Data Science MS Machine Learning / AI  vs MS Business (Data) Analytics

https://t.co/BrQ5VME3Nr",Neutral Sentiment
Here's a #FunFridayFact about Machine Learning (ML) you probably didn't know. Do you know any such interesting tech‚Ä¶ https://t.co/sfIPP00fme,Positive Sentiment
"Similar to crop management, machine learning provides accurate prediction and estimation of farming parameters to o‚Ä¶ https://t.co/1178sYCO7h",Neutral Sentiment
There is an emerging concept of smart farming that makes agric more efficient &amp; effective with the help of high-pre‚Ä¶ https://t.co/XFlTYLNVPx,Positive Sentiment
"Arguably the most annoying thing ever üòêüòÇ

Follow us @ml_india_ for daily machine learning content! üôå

#programming‚Ä¶ https://t.co/UZArX3AT9e",Nagetive Sentiment
"7 #DevOps skills for #Machine Learning #Operationsüë©‚Äçüíª 

1. Source Code #Management

2. Continuous Integration and D‚Ä¶ https://t.co/BxZZa3tsws",Neutral Sentiment
"Brian Fl√ºg, Qubole: On the benefits of data lakes for machine learning https://t.co/UMPgTj8Pol",Positive Sentiment
Ever wanted to be trained by AWS experts on some of the most relevant technologies in fintech? Watch the‚Ä¶ https://t.co/03JOaXwSJR,Neutral Sentiment
Can We Really Trust a Machine Learning-Driven Hedge Fund to Beat The Market https://t.co/o8oF6UNx8P #noax #hedgefunds,Positive Sentiment
"Take a look at the below video, what our customers say about myTectra Machine Learning, Artificial intelligence  Py‚Ä¶ https://t.co/A2ecA6N7vT",Positive Sentiment
Quantum computing is becoming more real as days go by. The paper published by Bob Coecke is a good testimony to tha‚Ä¶ https://t.co/YRIpHyIJSs,Positive Sentiment
Just finished an interview for funding my art tech project. I want to machine learning to detect dancer movements a‚Ä¶ https://t.co/eW2zeaRpwX,Positive Sentiment
Yorko/mlcourse.ai: Open Machine Learning Course #Learning #machinelearning via https://t.co/6qPcNWrkFh https://t.co/PXvWnCDoFs,Neutral Sentiment
Save time copying code &amp; scale your #datascience workflows üìà Get started with #VertexAI Workbench notebook executor‚Ä¶ https://t.co/7YREBZwTT2,Positive Sentiment
"üåïùóïùóºùóøùóª December 06, 1947, Wimbledon, London
üåëùóóùó∂ùó≤ùó± --
üìñùóôùó∂ùó≤ùóπùó±ùòÄ Machine learning, Neural networks, Artificial intellige‚Ä¶ https://t.co/yE1S8gjf6n",Neutral Sentiment
"""Sheep's coping style can be identified by unsupervised machine learning from unlabeled data"" ‚Äî https://t.co/brtjlOyhmF #sheep",Neutral Sentiment
Another nice work on machine learning this year! Congratulations to the @Schoenebeck_Lab and my colleagues Theresa‚Ä¶ https://t.co/07yheMd7xK,Positive Sentiment
Applying machine learning to journalism. Here they extracted quotes from news articles and matched them with the ri‚Ä¶ https://t.co/a6EMurSMCj,Neutral Sentiment
.@USAmbPH joined @DOST_PH to celebrate National Science and Technology Week with U.S. experts from @CISAgov and‚Ä¶ https://t.co/CEaoTMp3ta,Positive Sentiment
Visual Inspection AI automates visual inspection tasks using #AI and computer vision tech that enable manufacturers‚Ä¶ https://t.co/tMujLQehXT,Positive Sentiment
"Leveraging Solution: #Flood #Inundation 2D Modelling &amp; Simulation using HEC-RAS &amp; Machine Learning

#floodrisk‚Ä¶ https://t.co/YoKVbNkV6B",Positive Sentiment
Announcing Next Generation Scanning XPS Microprobe VersaProbe 4 From Physical Electronics https://t.co/x2qz5L9ogQ,Neutral Sentiment
Machine learning and the Search for E.T. #Learning #bigdata #machinelearning via https://t.co/6qPcNWrkFh https://t.co/5ilQ6175Hm,Neutral Sentiment
"An Open internship Position in CentraleSup√©lec on the combustion of Hydrogen for industrial usage. 

Research will‚Ä¶ https://t.co/dAO9h8GQg2",Neutral Sentiment
"Explore Our 100% Job Guarantee Programs by Prime Classes : https://t.co/HLk8d1Sspt

Best Python Tools For Machine L‚Ä¶ https://t.co/iYShIKWHOp",Positive Sentiment
@HeshZtv @ManarSarhan Machine learning using computer vision can get the frame touching the ball and then determine who is offside,Positive Sentiment
"Data Science, Machine Learning Bootcamp #Learning #deeplearning via https://t.co/6qPcNWrkFh https://t.co/I8AmF0vgV9",Neutral Sentiment
Customize Python dependency resolution with machine learning https://t.co/UVjP4Bgfh2,Neutral Sentiment
"I started my Datascience , machine learning, Ai  Journey here https://t.co/oXpVktiLOD",Neutral Sentiment
How to deploy Machine Learning models on AWS using Sagemaker #Learning #deeplearning via https://t.co/6qPcNWrkFh https://t.co/1JFDci4TE1,Neutral Sentiment
IBM unveils world-first machine learning training method for GDPR-compliance #GDPR #learning via‚Ä¶ https://t.co/UvuoHtAOkP,Neutral Sentiment
"What made this guy think I am not as smart?

This are the kind of people I found on the Black in AI Facebook page.‚Ä¶ https://t.co/kKvzjvjHqD",Positive Sentiment
The training on How to Become a Super Learning Machine by Joe Parys will show you the way to use your mind and your‚Ä¶ https://t.co/Hc7M7aZuLC,Positive Sentiment
IBM unveils world-first machine learning training method for GDPR-compliance #GDPR #learning via‚Ä¶ https://t.co/ykXPFfmb3R,Neutral Sentiment
"How do you build APIs for your Image Classification or Object Detection models? ü§î

Chitra can help you in building‚Ä¶ https://t.co/h44CiqiEa0",Positive Sentiment
"Operationalizing #MachineLearning in processes https://t.co/VHQ8SmecO3 by @McKinsey 
Via @ingliguori 
#BigData‚Ä¶ https://t.co/ihfdAtmEtV",Neutral Sentiment
NUWA: A new machine learning model that turns sentences into images https://t.co/c8ZdRMITeR,Positive Sentiment
Attending #AviationFest next week? Join our Retail Roundtable on 1 Dec when  @PaulByrne66 and Phil Hinton will be d‚Ä¶ https://t.co/AzaFXVmpe9,Positive Sentiment
Deploy machine learning models on Google Cloud AI Platform #AugmentedReality #learning via https://t.co/u14WxAYdRI https://t.co/o3b7oZhxJn,Neutral Sentiment
"@dvassallo That was a paragraph that made me just sit up and gawk!

Machine Learning is about training on past exam‚Ä¶ https://t.co/RRk0T6jMME",Neutral Sentiment
"If you are interested in the nitty-gritty details of calculations used in Machine Learning, I would suggest startin‚Ä¶ https://t.co/RMesIrar7N",Positive Sentiment
"Geophysics Defense: Fantine Huot ""Machine Learning for Seismic Event Detection"" https://t.co/zZ48ljUyNj",Positive Sentiment
"Can a #MachineLearning #Model Tame your #Cloud Costs?

https://t.co/K77d7y6nv8

#Technology #Digital #AI #Metaverse‚Ä¶ https://t.co/iFUyUhHTRJ",Neutral Sentiment
What is R in SQL Server aka Machine Learning in SQL Server 2017 https://t.co/63WazuCJ0X #howitworks,Neutral Sentiment
"Today at GTR Nordics 2021, representatives from @traydstream @OP_Ryhma and @valmetglobal walked us through the impl‚Ä¶ https://t.co/lu9lt2t51G",Neutral Sentiment
"Top 10 Machine Learning Algorithms to Benefit Business Operations 
https://t.co/xLFLT3ExOf 
#Top10 #MachineLearning‚Ä¶ https://t.co/fVPcXOPq0j",Positive Sentiment
"7 steps of machine learning.
#DataScience #DataAnalytics #machine_learning
#AI https://t.co/SyXTZSMf7Q",Neutral Sentiment
"The terms ""AI,‚Äù ""machine learning"" and ""deep learning"" are often used interchangeably - but they don't mean the sam‚Ä¶ https://t.co/QGPBACseGl",Neutral Sentiment
Symptom-based parameters finetune for each individual through machine learning https://t.co/Re6au2z4qi,Neutral Sentiment
The Complete Beginner's Guide to Machine Learning https://t.co/wdnVnEZuOU,Neutral Sentiment
"Machine Learning Tools For Data Science!

#bots #AI #ML #DL #NLP #algorithm #100DaysOfCode #code #CodeNewbie‚Ä¶ https://t.co/c1XGG7EUB3",Neutral Sentiment
A Guide to Real World #AI  https://t.co/58T4L84jyK #Analytics #AI #Rstats #Reactjs #MachineLearning #BigData‚Ä¶ https://t.co/KvFp3aidFX,Neutral Sentiment
"""if you're not exposed to grow fast in your workplace ask for a better path, if they don't provide option build you‚Ä¶ https://t.co/qWsUBA9ELm",Positive Sentiment
"@bmadhu AI, Machine learning , javascript üíª, pythonüêç, entrepreneur,  Crypto , Web 3.0.",Neutral Sentiment
"Azure Machine Learning: What will cost you moneyüíµ?

‚úÖ Compute Instances
‚úÖCompute Clusters
‚úÖ Automl Models deployed‚Ä¶ https://t.co/FPZFQLkkD2",Neutral Sentiment
"With the advent of big data and machine learning, a new category of IT operations tool has emerged: AIOps, the prac‚Ä¶ https://t.co/5P4hqN7nLq",Neutral Sentiment
"Big data and machine learning can transform how we handle dispute resolution.

https://t.co/7jrfAoF4RV",Nagetive Sentiment
"Ask HN: Why is machine learning easier to learn than basic social skills?
https://t.co/LJyEeaq8qR
(and any advice o‚Ä¶ https://t.co/e573iZhtcu",Positive Sentiment
"3.Artificial Intelligence (AI) and Machine Learning
‚û°Ô∏èWe use AI and machine-learned systems to automate the process of work.",Positive Sentiment
"These are the main steps of approaching a Machine Learning Problem :
1. Look at the big picture
2. Collect data
3.‚Ä¶ https://t.co/KJtOdInO4N",Nagetive Sentiment
"Steps to solve a Machine Learning Problem.

A Thread üßµ",Nagetive Sentiment
How #MachineLearning can help hoteliers in building a competitive business advantage? Know here‚Ä¶ https://t.co/lgjoY0QCa8,Positive Sentiment
"Great news! Ericsson and Indosat Oreedoo just won the ""Managed Services Innovation of the Year‚Äù GLOTEL award for le‚Ä¶ https://t.co/b3OVIsQMGo",Positive Sentiment
Build Data Science &amp; Machine Learning Projects From Scratch #Learning #bigdata #machinelearning via‚Ä¶ https://t.co/NrNWcMlQ1y,Neutral Sentiment
SynLogics undertakes to challenge #MLServices with enriched technologies &amp; we focus on emerging trends in machine l‚Ä¶ https://t.co/LrRHnqg8AW,Positive Sentiment
3 Differences Between Coding in Data Science and Machine Learning #Learning #bigdata via https://t.co/6qPcNWrkFh https://t.co/Wc7pZqJowE,Neutral Sentiment
Account Receivables Use Cases for Machine Learning https://t.co/VltPB1Vcys #machinelearning #accountreceivables #datascience,Neutral Sentiment
"ü§î5. Prudential norms can be made proportionate with the initial restrictions, only to be relaxed as they scale up o‚Ä¶ https://t.co/RQlDPr6uZf",Positive Sentiment
"How high-performance, low-cost #machinelearning infrastructure is accelerating innovation in the #cloud‚Ä¶ https://t.co/C3PaUtDoyV",Nagetive Sentiment
Ask HN: Why is machine learning easier to learn than basic social skills? https://t.co/LUzbUOWF7J,Positive Sentiment
Quite an amazing achievement for graph based machine learning on medical domain!! https://t.co/SkRXYiKu7u,Positive Sentiment
"Artificial Intelligence and Machine Learning

-accurate credit-scoring and regulatory compliance
-improves marketin‚Ä¶ https://t.co/OzmzKiBblT",Positive Sentiment
"What they say - We use cutting edge, next-generation Artificial Intelligence, Machine Learning intelligence tools t‚Ä¶ https://t.co/Vni82HGOO8",Positive Sentiment
"4. Easier Candidate Evaluation:
Artificial intelligence, machine learning, and natural language processing are all‚Ä¶ https://t.co/H69y8XOVqP",Positive Sentiment
@quaesita A fascinating resource on Machine Learning.,Positive Sentiment
Does online broker #Zerodha use Artificial intelligence (AI) and Machine Learning (ML) technologies? This is what c‚Ä¶ https://t.co/gOLX5DJmbC,Positive Sentiment
"The final part of ""Making Friends with Machine Learning"" by @quaesita is here

*‚É£Introduction to ML:‚Ä¶ https://t.co/B8pKxL7LRO",Positive Sentiment
"Nowadays, enterprises are utilizing #ML as a process of data analysis that automatizes analytical models. Machine l‚Ä¶ https://t.co/Vkx99ghprx",Neutral Sentiment
"Most popularly used tools 

Data analytics -  Excel
Machine learning - Python
Artificial Intelligence - PowerPoint",Positive Sentiment
The effect of improper labelling of machine learning data üòÇ #machinelearning #data #joke https://t.co/0rCiEzgYfQ,Neutral Sentiment
"Python for Machine Learning with Numpy, Pandas &amp; Matplotlib [FREE]
#FresherCooker
#MachineLearning #Matplotlib #ML‚Ä¶ https://t.co/gysv5aCDEN",Neutral Sentiment
@mhadaily Machine learning I guess,Neutral Sentiment
"I just published Testing in Machine Learning [Part 2] https://t.co/9KEBL1KZSJ 

#testing #testinginML #machinelearning #softwaretesting",Neutral Sentiment
@heyOnuoha U need that for Machine Learning.,Neutral Sentiment
"The future of construction is relying more on digital tools like Artificial Intelligence, Machine learning, drones,‚Ä¶ https://t.co/u6m9yhEdsp",Positive Sentiment
"AI and humans naturally complement each other, and it only makes sense to view AI as a new type of assistive techno‚Ä¶ https://t.co/YKt94yZ0Yh",Neutral Sentiment
How machine learning trains us to appear insane to one another https://t.co/ViKaYijzBg,Nagetive Sentiment
A Note on Machine Learning #ArtificialIntelligence #learning  https://t.co/BQ8ojHOTmz,Neutral Sentiment
"Department of ECE and CSE organizing One day hands-on workshop on Machine Learning  on 27th Nov 2021

#ksrmece‚Ä¶ https://t.co/11uxg3QK1q",Positive Sentiment
"Episode 41: On Using Machine Learning and AI with Jalem Getz, President &amp; CEO at Wantable, Inc. via @RebarTechnology https://t.co/b0GULuPCc8",Neutral Sentiment
"Operate Machine Learning in MS excel Without a Single Line of Code
https://t.co/HTAUKtTlM0
#MachineLearning‚Ä¶ https://t.co/fXaykfhb7x",Positive Sentiment
The daily struggles in Machine Learning. #DataScience #MLOps #MachineLearning https://t.co/IBThdD7tbo,Nagetive Sentiment
Poster2Plot: Generate Movie/T.V show plot from a poster using Machine Learning https://t.co/miIn7Sn3Vk,Neutral Sentiment
"Discover the Latest in Machine Learning, Graphics, HPC, and IoT at AWS re:Invent https://t.co/6COL6GpZzw November 23, 2021 at 07:06PM",Neutral Sentiment
"‚ÄúLonghorns digital transformation journey continues. Our eLearning application, whose development is ongoing, will‚Ä¶ https://t.co/UscSYFdqBg",Neutral Sentiment
Machine Learning 101 All Algorithms in python (Logistic Regression) https://t.co/wwhRenH9gi,Neutral Sentiment
Certified Machine Learning Expert‚Ñ¢ https://t.co/1rm5znMwSC,Neutral Sentiment
Can We Really Trust a Machine Learning-Driven Hedge Fund to Beat The Market https://t.co/T1VyPmoZjZ,Positive Sentiment
Our Time Machine App has new features! Learning to tell the time has never been this fun! Explore this engaging exp‚Ä¶ https://t.co/hcLp3Mvg5G,Nagetive Sentiment
@SaiyamPathak People not realising that most companies are using machine learning as a marketing gimmick.,Neutral Sentiment
KML is a machine learning (ML) framework for operating systems and storage systems. It has a small memory footprint‚Ä¶ https://t.co/WG3yxQvDSq,Neutral Sentiment
"#100daysofcodechallenge    
Day 1- Hi Coders, üßë‚Äçüíª Hi Coders, Today I have created a machine learning project that p‚Ä¶ https://t.co/8rpLylLuqb",Positive Sentiment
"Machine Learning Framework for #Linux Kernel

https://t.co/E7EyybgquL",Neutral Sentiment
"Learn Machine Learning in 21 Days [Free Course]
#FresherCooker
#MachineLearning #ML
https://t.co/AgEcYRt2Wq",Positive Sentiment
"In this thread, we‚Äôll have a look to the advantages of:
‚Ä¢Big Data
‚Ä¢Web app development
‚Ä¢Security
‚Ä¢Machine learning‚Ä¶ https://t.co/wLKmyfq11d",Positive Sentiment
"For the first time, NPTEL offers  Machine learning course in Tamil for Jan 2022 Semester

Tamil la padika ready a?‚Ä¶ https://t.co/EgxgylD3Gc",Neutral Sentiment
"10 Tech Skills in demand

1. Machine Learning
2. Mobile Development
3. SEO/SEM Marketing
4. Data Visualization
5. D‚Ä¶ https://t.co/URDWHxiVTi",Nagetive Sentiment
"WiMLDS Pune presents 
Data Engineering: Session 8- Introduction of Alteryx in pipeline development
By; Surabhi Metr‚Ä¶ https://t.co/4PkttjlOf7",Neutral Sentiment
"WiMLDS Pune presents 
Data Engineering: Session 8- Introduction of Alteryx in pipeline development
By; Surabhi Metr‚Ä¶ https://t.co/B63lNumHKS",Neutral Sentiment
"‚Äú With shipping transforming to digitalisation, artificial intelligence , machine learning, advance logistics  and‚Ä¶ https://t.co/ReGjhUnugY",Positive Sentiment
"I have been awarded a Certificate from the MIT Schwarzman College of Computing and IDSS, upon my successful complet‚Ä¶ https://t.co/WtJJlTKHgL",Positive Sentiment
Netflix users spend BILLIONS of hours per week streaming content. Check out our #blog post to see how #Netflix is W‚Ä¶ https://t.co/MCsdBFlWJk,Neutral Sentiment
Network with like-minded individuals and experts to amplify your learning along with an opportunity for a 3-day cam‚Ä¶ https://t.co/p5on9BaVgy,Positive Sentiment
Machine Learning in Layman's Terms #ArtificialIntelligence #learning #machinelearning via https://t.co/PV3kF4iASD https://t.co/fxrWA4nMFv,Neutral Sentiment
"RESOURCE üö®
#MachineLearning 
This video about ""Introduction to Machine Learning"" is so good.
#programming 
https://t.co/Q1sj83zHiV",Positive Sentiment
"From the intricacies of its implementation to its consumer-facing applications, Artificial Intelligence and Machine‚Ä¶ https://t.co/D57Kepc2qW",Positive Sentiment
‚Äú[workers are] often so far down the supply chain that they can‚Äôt see the end product they‚Äôre working toward. It cr‚Ä¶ https://t.co/mY9SmORLan,Neutral Sentiment
Model Drift in Machine Learning #DeepLearning #bigdata #fintech via https://t.co/cBj7YRwrst https://t.co/NnEC0IsLm6,Neutral Sentiment
"Data Scientist (Machine Learning) | Master/ PhD in Bioinformatics, Statistics, Engineering or related discipline |‚Ä¶ https://t.co/kN4cgL675L",Neutral Sentiment
"As we look into the future of #observability, we are paying attention to the rise of AI, machine learning, security‚Ä¶ https://t.co/SuTv3SOA8T",Neutral Sentiment
The pandemic has changed the way we live. Remote learning. Work from home. Zoom calls all day long. A lot of people‚Ä¶ https://t.co/Y3MeCMPTV3,Neutral Sentiment
"A Guide to #Real World #AI &amp; #Machine #Learning Use #Cases  
https://t.co/VieusG6Lrs",Neutral Sentiment
The solution by @Quantcast has AI and machine learning engine at its core that makes sense of complex multiple sign‚Ä¶ https://t.co/dTN8HfnzCN,Positive Sentiment
"Apollo Tyres will draw on the breadth and depth of AWS capabilities, including Internet of Things (IoT), data and a‚Ä¶ https://t.co/LRgQJi7bB1",Neutral Sentiment
"IF-Else

Recruiter: is this Machine Learning?

üòÇüòÇ

Follow us @ml_india_ for more! ü§ü

#programming #coding #software‚Ä¶ https://t.co/p2896Zke1C",Neutral Sentiment
"Python - Introduction to Data Science and Machine learning A-Z [FREE]
#FresherCooker
#DataScience #ML #Python
https://t.co/4mP3FRXvsp",Neutral Sentiment
"With the advent of big data and machine learning, a new category of IT operations tool has emerged: AIOps, the prac‚Ä¶ https://t.co/2xYXronTr4",Neutral Sentiment
"Build a career in new age technology roles by mastering machine learning &amp; AI algorithms. 

Learn &amp; Deploy AI ML in‚Ä¶ https://t.co/DEpZPDHn1X",Neutral Sentiment
The convergence of NFTs and Machine Learning https://t.co/oOiAqTEpPJ,Neutral Sentiment
PhD &amp; PostDoc Position in Visual computing/Machine learning in Prof (Dr) Mathias Niessner lab (Visual computing and‚Ä¶ https://t.co/wzdd2WVbEc,Neutral Sentiment
Visionary. They might be the pioneer of Machine Learning. https://t.co/8M2vH49W6f,Positive Sentiment
10 Ways Machine Learning Revolutionizes¬†Manufacturing https://t.co/qOAbjTklPB,Neutral Sentiment
Poster2Plot: Generate Movie/T.V show plot from a poster using Machine Learning https://t.co/2c1OsqQUFB,Neutral Sentiment
"Papers, Guides, and Interviews with Machine Learning Practitioners https://t.co/HUzQrhiHfs",Neutral Sentiment
"@mlq3 @StevenRoodPH IMO it's too fluid and subjective, when it fact it can be quite objective (following the classi‚Ä¶ https://t.co/oRyiBGvpMC",Neutral Sentiment
"The #MRO sector has adapted its products and processes by using smart gadgets, robotics and machine learning, incre‚Ä¶ https://t.co/V8HECA8109",Positive Sentiment
The components of hyperautomation go beyond traditional workflow automation to include artificial intelligence and‚Ä¶ https://t.co/xZaILVoZmv,Neutral Sentiment
"How is machine learning transforming modern photography? https://t.co/XVfDhc2lHE 

Connect with us +62216326533 / W‚Ä¶ https://t.co/LZzM8LHhWH",Neutral Sentiment
"How to Recognize 17,000+ Landmarks With Machine Learning ‚Äì Learn from¬†Tutorial https://t.co/nzPyK5KXx0",Positive Sentiment
#MyTwitterAnniversary             Never thought of active participation on Twitter but can‚Äôt help it now..!!!‚Ä¶ https://t.co/hKb42F0Vqc,Positive Sentiment
"Great news! Ericsson and Indosat Oreedoo just won the ""Managed Services Innovation of the Year‚Äù GLOTEL award for le‚Ä¶ https://t.co/CHTUm4IjJB",Positive Sentiment
"Thanks to advancements in speech and natural language processing, there is hope that one day you may be able to ask‚Ä¶ https://t.co/IS7fgTxKb2",Positive Sentiment
"Great news! Ericsson and Indosat Oreedoo just won the ""Managed Services Innovation of the Year‚Äù GLOTEL award for le‚Ä¶ https://t.co/UjwHJXJGjQ",Positive Sentiment
"Everything a Marketer Needs to Know About Machine Learning

Prepare your organization to integrate machine learning‚Ä¶ https://t.co/Y00E0ha1YE",Neutral Sentiment
"This, and I try to tone down expectations by avoiding the word 'machine learning' when I present my works to the ma‚Ä¶ https://t.co/RIVxry4IuE",Nagetive Sentiment
Microsoft AI Open-Sources ‚ÄòSynapseML‚Äô For Developing Scalable Machine Learning Pipelines https://t.co/KEwhC2mTSW vi‚Ä¶ https://t.co/ANGplwLiXl,Neutral Sentiment
"Explore Our 100% Job Guarantee Programs by Prime Classes : https://t.co/HLk8d2a3h1

Machine Learning Algorithms in‚Ä¶ https://t.co/ocpcOlM6kG",Positive Sentiment
"Public machine learning dataset for clustering tasks

E-Commerce Products Dataset For Record Linkage
:‚Ä¶ https://t.co/PJDdtI4Lwf",Neutral Sentiment
Machine Learning for Social Scientists #AugmentedReality #deeplearning #learning via https://t.co/u14WxAYdRI https://t.co/CX3lnpPE1A,Neutral Sentiment
Machine Learning Framework for Operating Systems https://t.co/sRbbGMsMXm,Neutral Sentiment
Machine Learning as a Service Industry to expand annually by 39.0% CAGR Prediction by¬†AMR https://t.co/3ZsHdVSdTn,Positive Sentiment
Machine Learning for Social Scientists #AugmentedReality #deeplearning #learning via https://t.co/J8WAVitxGc https://t.co/sJTv8Uau5W,Neutral Sentiment
@queenkleee @_100DaysOfCode @freeCodeCamp Ok...Do I need to know maths to start the @freeCodeCamp version of machine learning?,Positive Sentiment
"Colorful world by AI, Machine learning and CD' imagination‚ú®‚ú®‚ú® super stunning üåàüåàüåàüåàüåàüåàüåàüåàüåàüåàüåàüåàüåàüåàüåàüåàüåàüåàüåàüåàüåàüåàüåàüåàüåàüåàüåà‚ú®‚ú®‚ú®‚ú® https://t.co/vurTRRBf5K",Positive Sentiment
"As the digital economy continues to grow, all business sectors across the board are exploring and adopting data lab‚Ä¶ https://t.co/0G5OuX4Zdl",Neutral Sentiment
"Machine Learning Model Cheat Sheet!

#Infographic #AI #ML #DL #Algorithms #NLP  #100DaysOfCode #CodeNewbie‚Ä¶ https://t.co/fa7r8k2HkN",Nagetive Sentiment
This Lifetime AI &amp; Machine Learning Membership will guide your Artificial Intelligence journey from a novice to an‚Ä¶ https://t.co/sY7VPb5g6E,Positive Sentiment
BrandPost: How BPO Machine Learning Can Boost Revenue and Simplify Recruiting https://t.co/f4kgRQLJJc https://t.co/Wg0S4FxqS1,Positive Sentiment
Machine learning improves Arabic speech transcription capabilities :¬†https://t.co/IQ9PVofNzJ https://t.co/WSLLOPLq2f,Positive Sentiment
Attending #AviationFest next week? Join our Retail Roundtable on 1 Dec when  @PaulByrne66 and Phil Hinton will be d‚Ä¶ https://t.co/T1EwwsDioF,Positive Sentiment
@MoharirAdvait I found this useful too:- https://t.co/5T3Y71AsqU,Neutral Sentiment
"Here are some quick notes of ""ResNet Strikes Back"" I wrote for the upcoming @__MLT__ session.
A thread before bed:‚Ä¶ https://t.co/JDnHJY7mLx",Nagetive Sentiment
Machine Learning for Social Scientists #DeepLearning #augmentedreality #learning via https://t.co/vBsHOsHWm6 https://t.co/D7VtD1FbAP,Neutral Sentiment
"Prof. Volkan Atalay will give a seminar titled ‚ÄúMachine Learning Applications in Bioinformatics‚Äù on November 29, 20‚Ä¶ https://t.co/Dk947O5PAV",Neutral Sentiment
This imaging technique based on Machine Learning allows to predict a person‚Äôs response to different types of antide‚Ä¶ https://t.co/uL38dM8BQI,Neutral Sentiment
"A Guide to Real World #ArtificialIntelligence  

https://t.co/INkwX3629X

#AI #Metaverse #NFTs #java #coding #IoT‚Ä¶ https://t.co/msO97O3FPG",Neutral Sentiment
"Amazon Machine Learning| ML Key Concepts
https://t.co/oZuplJxl28
Amazon Machine Learning Key Concepts  Data sources‚Ä¶ https://t.co/0gblJDsdsl",Positive Sentiment
"Types of Machine Learning  
https://t.co/Zp9U4ZJUou
Machine learning is a subset of AI, which enables the machine t‚Ä¶ https://t.co/4WdiDzz18W",Neutral Sentiment
"The ZRT Face Trainer, a machine-learning trained cloud-based facial rigging service using Unreal Engine 5. It allow‚Ä¶ https://t.co/5xD8GPKmGd",Positive Sentiment
"2. Data Scientists üßë‚Äçüî¨

They look like data analysts. First they use also SQL and python.

The main difference is t‚Ä¶ https://t.co/bMpv6TBn9v",Neutral Sentiment
"#Infographic: Machine Learning models cheat sheet! via @ingliguori

cc: @Fisher85M @INNOQ @SpirosMargaris‚Ä¶ https://t.co/6Q1sIqT5kw",Nagetive Sentiment
[OreillyÏ†ÑÏûêÏ±Ö] Authoring Machine Learning Models from Scratch #IT #Ï†ÑÏûêÏ±Ö #POSTECH https://t.co/zPJEsWCmle,Neutral Sentiment
Measuring training effectiveness using Artificial intelligence (AI) and machine learning (ML) to prepare for tomorr‚Ä¶ https://t.co/E3Mm4gPW40,Positive Sentiment
@JanaSunrise *memeing is my passion; machine learning while memeing is my lifestyle https://t.co/kx4BRdXtBO,Positive Sentiment
"Thanks @kojouharov for the Downloadable Cheat Sheets PDF for #AI, #NeuralNetworks, #MachineLearning, #DeepLearning‚Ä¶ https://t.co/POaR2fMVgY",Nagetive Sentiment
@edkesuma Petition for Edrick to stop him from learning Machine learning and make him a Full-time memer,Nagetive Sentiment
Learning Machine Learning is a long journey.,Neutral Sentiment
"üòåüòåüòå selesai dalam 16 hari. puyeng...

I completed Preparing for Google Cloud Certification: Machine Learning Engine‚Ä¶ https://t.co/a7EmmnefGe",Neutral Sentiment
"@ Indian academia, do you know researchers in ML (machine learning) outside traditional CS/IT departments in India?‚Ä¶ https://t.co/86s7Wg48g0",Neutral Sentiment
"His special areas of interest include -  applications of OT Security, specific to O&amp;G industry, automation models i‚Ä¶ https://t.co/5hksH1bb9d",Positive Sentiment
"AI, Machine Learning, and Big Data: Laws and Regulations
https://t.co/bU5NluOT07
#AI #MachineLearning #BigData‚Ä¶ https://t.co/DMEroQVCth",Neutral Sentiment
Apollo Tyres sets the way to make factories smarter with IoT and machine learning ‚Äì ET CIO :¬†https://t.co/IQ9PVofNzJ https://t.co/tZQmWCZZgl,Positive Sentiment
I just completed the course of ‚ÄúAI for Everyone‚Äù from @coursera . It is kickstarting my career towards Artificial I‚Ä¶ https://t.co/9zYPNWXMlR,Neutral Sentiment
"Brian Fl√ºg, Qubole: On the benefits of data lakes for machine learning https://t.co/O4utGx9Zcy",Positive Sentiment
"Wear your Data lens.
Don your Artificial Intelligence cap.
Fasten your Machine Learning belt.

Frame Analytics is a‚Ä¶ https://t.co/3I1K0OtTp3",Positive Sentiment
"Machine learning live detection 0
Topeng dibolongin matanya 1 https://t.co/Iyk3bN93k7",Neutral Sentiment
Comparison of time-to-event machine learning models in predicting oral cavity cancer prognosis. https://t.co/jXybZ7BLXu,Nagetive Sentiment
"Here are some of the widely used Machine Learning Algorithmsüîî
https://t.co/bXcvPpHZqO
https://t.co/mucfJyqC99‚Ä¶ https://t.co/MogqPogweR",Neutral Sentiment
"@ANoorTM I can't chose which one, because I am use both,python for machine learning and js for web development",Neutral Sentiment
"Google On The Future Of SEO: HTML, JavaScript, Apps, Schema, Crawling &amp; Machine Learning https://t.co/iu2qhhjpG8 vi‚Ä¶ https://t.co/NaQxuYrxEh",Neutral Sentiment
The convergence of NFTs and Machine Learning #IntelligenceArtificielle via https://t.co/cBj7YRwrst https://t.co/0NV1njgR8x,Neutral Sentiment
"Founder of Seekh, Machine Learning Enthusiast | Manas Bam |Exclusive Int... https://t.co/GbDA4mm9Ia via @YouTube",Positive Sentiment
"Learn Machine Learning using Apache Spark by developing Projects for Free

https://t.co/ymS5yqwoJ3

#bigdata‚Ä¶ https://t.co/f44zcgSAia",Positive Sentiment
Customize Python dependency resolution with machine learning https://t.co/qFlM6XK3oG,Neutral Sentiment
"such as self-improving algorithms, machine learning, big data, and pattern recognition. Soon, there would  hardly b‚Ä¶ https://t.co/gvy8LfCtyp",Positive Sentiment
Satellite-derived wind products and objective fixes based on machine learning are playing an increasingly important‚Ä¶ https://t.co/pTbE4BkcNY,Positive Sentiment
"@adrusha888 It used to be machine learning, big data, and AI. Now its blockchain and crypto to be exploited by those oportunists :)",Nagetive Sentiment
Importance Of Machine Learning Security For Chatbot¬†System https://t.co/crvYi6Wmnq,Positive Sentiment
Is Machine Learning Currently Hyped? https://t.co/WAhDtHjseW,Neutral Sentiment
"Congratulations on achieving a significant milestone in your career, Nandini! üëè

#Edureka wishes you the best in yo‚Ä¶ https://t.co/KXFXdYcG5m",Positive Sentiment
"Times Professional Learning announces online Certificate Program in Machine Learning, in collaboration with¬†IIT-Roo‚Ä¶ https://t.co/vgoDKxev80",Neutral Sentiment
The convergence of NFTs and Machine Learning #IntelligenceArtificielle via https://t.co/u14WxAYdRI https://t.co/RtnCtmpOzx,Neutral Sentiment
https://t.co/NUL9riInEk IITs Invite Applications For Free Online Courses on Machine Learning and Quantum Mechanics https://t.co/cl1ruKek4l,Positive Sentiment
"Learn how Cognizant enables clients to diverse, top-talent technology teams to modernize core platforms, transform‚Ä¶ https://t.co/yW52zyTIAT",Positive Sentiment
"üåü Flux Words üåü

Flux holds enormous potential for machine learning applications and exciting new possibilities for‚Ä¶ https://t.co/09D89gcenA",Nagetive Sentiment
@carterthecomic &amp; @jaydjenkins talk about #VertexAI with guest @erwinhuizenga. He helps us understand the Asia Paci‚Ä¶ https://t.co/majDQX1JKB,Positive Sentiment
Apollo Tyres Goes All-In on AWS to make factories smarter with IoT and Machine Learning - https://t.co/lUJtxey4vt |‚Ä¶ https://t.co/7qbB5VJoNY,Positive Sentiment
"@apollotyres has collaborated with @awscloud to digitally transform by moving its entire IT infrastructure to AWS.
https://t.co/7zngaPLz4O",Neutral Sentiment
"Brian Fl√ºg, Qubole: On the benefits of data lakes for machine learning https://t.co/h2kjAdz9W5",Positive Sentiment
Is Machine Learning Currently Hyped? https://t.co/ld6uTQD3oh,Neutral Sentiment
"Are you interested in artificial intelligence, machine learning, containers, or cloud technologies? Join the Verita‚Ä¶ https://t.co/nLHNIBvCE5",Positive Sentiment
"Fake Job Predictor with Machine Learning
Free Certificate
Part-time Online
This one-day workshop is suitable for be‚Ä¶ https://t.co/1nDPO6vWw0",Positive Sentiment
A Full End-to-End Deployment of a Machine Learning Algorithm into a Live Production Environment https://t.co/h1o8SV8ZvC,Neutral Sentiment
"How Data Science can improve Radiology &amp; CT Scans, by using Machine Learning in imaging https://t.co/5PM9VcFUCy",Positive Sentiment
The convergence of NFTs and Machine Learning https://t.co/ObE0edLhCP,Neutral Sentiment
60 Best FREE Online Courses for #MachineLearning &amp; Artificial Intelligence: https://t.co/EAO1NfJkK3 via @tut_ml‚Ä¶ https://t.co/09YmXMCVnE,Positive Sentiment
Great tutorial on Intro to Azure Machine Learning Studio.  #MachineLearning #Python #Azure https://t.co/moSoE3jSUO,Positive Sentiment
Are you passionate about data science analytics? We‚Äôre looking for experienced individuals with in-depth knowledge‚Ä¶ https://t.co/i5lSImIJew,Positive Sentiment
"Machine Learning Project -Predicting the age of abalone from physical measurements 

https://t.co/eu4BymLs69‚Ä¶ https://t.co/IEHY9xAhgM",Neutral Sentiment
The Promise and Challenges of AI and Machine Learning for Cybersecurity #Learning #cybersecurity #machinelearning v‚Ä¶ https://t.co/WytynYGJal,Positive Sentiment
"It can be said that every industry can benefit from artificial intelligence and while that may be true, the oil and‚Ä¶ https://t.co/tN4f3b7n45",Positive Sentiment
3 Differences Between Coding in Data Science and Machine Learning #Learning #bigdata via https://t.co/KN3irU5cZw https://t.co/1D74uKDPax,Neutral Sentiment
I just published Machine Learning 101 All Algorithms in python (Linear Regression) https://t.co/QXWji62a0q,Neutral Sentiment
"We are organizing an IEEE SPM @IEEEsps @IEEEimaging  special issue on ""Physics-Driven Machine Learning for Computat‚Ä¶ https://t.co/ekKgxyw9Zc",Positive Sentiment
It's interesting to see how machine learning uses our data to do marketing and it's 100% targeted at each of us. https://t.co/8KV2YneDKR,Positive Sentiment
Bayesian Reasoning and Gaussian Processes for Machine Learning Applications book is to inspire engineering students‚Ä¶ https://t.co/ROQNrGLMFt,Positive Sentiment
"IEEE Projects Available for 2021-22
Python (Machine Learning, Deep Learning, AI)
JAVA (Image Process, Net Working,‚Ä¶ https://t.co/648cJMsJI9",Neutral Sentiment
"RRCE Bangalore Conducted a Technical Seminar ‚Äì Machine Learning and AI using Python
Resource Person : Mr. Manish Si‚Ä¶ https://t.co/2LP3GeWiwM",Neutral Sentiment
"Google digital learn gives us free digital marketing and machine learning crash coursess!
#Frontlinesmedia",Positive Sentiment
"How to become a #MachineLearning Engineer?
What skills will I need?
How to prepare for such interviews?

Get all yo‚Ä¶ https://t.co/Ml0855TdFx",Neutral Sentiment
"Open Machine Learning Course https://t.co/dseJ4B7IGB

Ôøº

https://t.co/dseJ4B7IGB¬†is an open Machine Learning course‚Ä¶ https://t.co/lGPLLkeuPm",Neutral Sentiment
"There are limits to cleaning documents manually, an interesting thing with some of these old documents (shared by s‚Ä¶ https://t.co/iMJw5odyCu",Positive Sentiment
machine learning ? how about you learn to get some bitches,Nagetive Sentiment
Death threat or cat meme? Why context matters in machine learning [x-post from r/machinelearning]‚Ä¶ https://t.co/nKqciGgLyJ,Nagetive Sentiment
@ossia Being a high-school student I self-learned Machine Learning often following full-year courses from universit‚Ä¶ https://t.co/ht1DpSMaeJ,Neutral Sentiment
"Azure Spark comes packaged with higher-level libraries, including support for SQL queries, streaming data, machine‚Ä¶ https://t.co/HMACWnR4x7",Positive Sentiment
I completed Cloud Machine Learning Engineering and MLOps! Check out my certificate https://t.co/6W6RDV4Hqs #Coursera,Neutral Sentiment
"In any of the machine learning feature implementation, the well know libraries,the default value of random_state sh‚Ä¶ https://t.co/oA4yz6EZiM",Positive Sentiment
"Apollo Tyres Goes All-In On AWS to Make Factories Smarter With IoT, Machine Learning
@awscloud @amazon @apollotyres‚Ä¶ https://t.co/uWdFDOutAv",Positive Sentiment
"@rajbhagatt But these people survive in Google Maps

@googlemaps doesn't care about it's right or wrong. If many lo‚Ä¶ https://t.co/r61jYhgvHn",Positive Sentiment
Machine learning with python [Data Science] #AugmentedReality #deeplearning #learning via https://t.co/u14WxAYdRI https://t.co/nGfvrkzNAX,Neutral Sentiment
Is Machine Learning Currently Hyped? https://t.co/iIEkNdBvz4,Neutral Sentiment
"Brian Fl√ºg, Qubole: On the benefits of data lakes for machine learning https://t.co/BeUmiOzgs9",Positive Sentiment
"@daraonsocials Machine/hat learning, dude. It doesn‚Äôt just adjust its judgment, it probably predicts how each House‚Ä¶ https://t.co/2aI5eH2XbM",Neutral Sentiment
Machine Learning for Anomaly Detection: Decreasing Time to Find Root Cause by Automating Log Analysis ‚Äì¬†Developer https://t.co/ntptt2nYhQ,Neutral Sentiment
"How to confuse machine learning?

Ask a machine how many dogs it can spot vs muffins.

https://t.co/Wx08emv3Wq‚Ä¶ https://t.co/CqjAcQWlZb",Nagetive Sentiment
Machine Learning for Anomaly Detection: Decreasing Time to Find Root Cause by Automating Log Analysis‚Ä¶ https://t.co/h0TFFMUcG6,Neutral Sentiment
"Machine Learning Project - Glass Identification

https://t.co/n46bOcCzwv

#apachespark  #bigdata #datascience‚Ä¶ https://t.co/47yDL9MvDx",Neutral Sentiment
"[arXiv] Machine unlearning via GAN. (arXiv:2111.11869v1 [cs.LG]) --&gt;

Machine learning models, especially deep mode‚Ä¶ https://t.co/HBE3RltZ3N",Positive Sentiment
The Complete Intro to Machine¬†Learning https://t.co/dgEaYBHDj9,Neutral Sentiment
Design Patterns for Machine Learning Pipelines https://t.co/fqXHfDw8DA,Neutral Sentiment
Great read on how machine learning can help map and connect every school on earth ‚Äì and how you can contribute.‚Ä¶ https://t.co/47HUVIKbfR,Positive Sentiment
Death threat or cat meme? Why context matters in machine learning [x-post from r/machinelearning]‚Ä¶ https://t.co/Lle5JDcc5z,Nagetive Sentiment
https://t.co/P1tTC4gf9A Extends Its Financing to $73.5 Million @MarTechSeries https://t.co/VB18v5BPbZ,Positive Sentiment
MarkLogic Acquires Leading Metadata Management Provider Smartlogic @MarTechSeries https://t.co/Nys6vvsjfb,Neutral Sentiment
"We're all for peak productivity ü§© Leverage #VertexPipelines for productionising, sharing, and reliably reproducing‚Ä¶ https://t.co/K5QN32XTuW",Positive Sentiment
"Build an Image Classification API Using Django Rest Framework.
https://t.co/bR8LWBOHWa
Overview:  Machine Learning‚Ä¶ https://t.co/LPu6rxn69A",Neutral Sentiment
Compare Supervised Machine Learning Models Using Shiny App https://t.co/YJa4zNe9q7 #rstats #shiny,Neutral Sentiment
Importance Of Machine Learning In Chatbot #Chatbot #learning #machinelearning via https://t.co/u14WxBfOJg https://t.co/AcYXnswQu5,Positive Sentiment
"How to interpret machine learning models with SHAP values
https://t.co/DSO8V6C1Oa
Outline   Introduction What are S‚Ä¶ https://t.co/x0rmPH43Nn",Positive Sentiment
"Machine learning will automate jobs that CAN be done by machines.

Not jobs that SHOULD be done by machines.

Can v‚Ä¶ https://t.co/lYeW4I35l6",Neutral Sentiment
How to interpret machine learning models with SHAP values ‚Äì¬†Developer https://t.co/BbeZmzz6iE,Positive Sentiment
Random Pearls~Machine Learning #AugmentedReality #learning  https://t.co/sFXrp9MA0O,Neutral Sentiment
"Build MLOps workflows with Amazon SageMaker projects, GitLab, and GitLab pipelines https://t.co/gdrNPpuUcg AWS Machine Learning Blog #AWS",Positive Sentiment
Why and How Should I Learn Machine Learning? @ani_chaudhari #100daysofcode https://t.co/JxQyTSF8es #machinelearning,Neutral Sentiment
Simplified MLOps with Deep Java Library https://t.co/tJGVyZrkhe AWS Machine Learning Blog #AWS,Neutral Sentiment
"@chris_swenson congrats. which field is the focus of your next project? machine learning, crypto, NFT, Meta!!?? üßê",Positive Sentiment
@WholeMarsBlog @elonmusk Notice how d visualization continous even out of range or grey area of d cams and sensing‚Ä¶ https://t.co/69mhr6RzYw,Positive Sentiment
"#Infographic: Machine Learning - Introduction to Its Algorithms!

@Calsoft_Data
 
#datascience #machinelearning‚Ä¶ https://t.co/7OSLjFNv8y",Neutral Sentiment
"Explore Our 100% Job Guarantee Programs by Prime Classes @ https://t.co/HLk8d2a3h1

Data Science Glossary - Unsuper‚Ä¶ https://t.co/EyxCiyBjL0",Positive Sentiment
"#MachineLearning &amp; Applications in One Picture: https://t.co/7bRVk9ht2T
@KirkDBorne
#abdsc #BigData #DataScience‚Ä¶ https://t.co/IaO2mIJ01C",Neutral Sentiment
"Luv this! üëâ Top 30 #MachineLearning Projects Ideas for Beginners in 2021:
üëâhttps://t.co/AXA4zKNA7W by‚Ä¶ https://t.co/CL9mVQeVtb",Positive Sentiment
Become Certified Machine Learning Professional #DeepLearning #augmentedreality #learning via https://t.co/PV3kF4iASD https://t.co/8se9DmM1Eq,Neutral Sentiment
New Post: Underfitting and Overfitting in Machine Learning https://t.co/NV5C4NsE7w,Neutral Sentiment
The machine learning capability of Google Home device is so pathetic. It‚Äôs content suggestion is exactly opposite o‚Ä¶ https://t.co/DPukRAid1b,Nagetive Sentiment
"We are indeed hiring in AI at KAUST (research and teaching faculty), and I am hiring at all levels to my own *Optim‚Ä¶ https://t.co/yUz3RukChg",Neutral Sentiment
"Day 62

Learning to create classes. Coffee machine is still broken but I don't have the heart to do it today. 

#100DaysOfCode #Day62",Nagetive Sentiment
Become Certified Machine Learning Professional #DeepLearning #augmentedreality #learning via https://t.co/cBj7YRwrst https://t.co/aAHaxmK15S,Neutral Sentiment
"can i make an machine learning?
that would be fun",Positive Sentiment
Apollo Tyres Goes All-In on AWS to Make Factories Smarter with IoT and Machine¬†Learning https://t.co/vUvJ4IiATH,Positive Sentiment
"@nitishsr Hello sir/brother, Can you help me with some information. I want to learn Machine learning. I need some guidance from you",Positive Sentiment
Machine Learning Project - Identify the Type of animal (7 Types) based on the available attributes‚Ä¶ https://t.co/jCndsApeMd,Neutral Sentiment
Machine learning and the Search for E.T. #BigData #learning #machinelearning via https://t.co/DvgZikb3vz https://t.co/8NrUtEYp5N,Neutral Sentiment
Can a Machine Learning model tame your cloud costs? https://t.co/jw5A8baP8T,Neutral Sentiment
"DP-100: One of the exiting features in Azure Machine Learning is the Dataset Monitors. 
Dataset Monitors allow you‚Ä¶ https://t.co/Wi44FdALss",Neutral Sentiment
"This is some short notes from session.
Follow @ishandutta0098 on linkedin and twitter. Refer his kaggle notebooks f‚Ä¶ https://t.co/Tp9NUbImvf",Neutral Sentiment
"2‚É£ Book recommendation for ML
Abhishek Thakurs book
Approaching almost any machine learning problem",Nagetive Sentiment
Getting Started with Machine Learning #DeepLearning #augmentedreality #learning via https://t.co/cBj7YRwrst https://t.co/41TmC9Zaak,Neutral Sentiment
"Attended a great QnA session by @ishandutta0098.
Gained a lot of clarity over different Machine Learning paths and‚Ä¶ https://t.co/aG7yIkHFRO",Positive Sentiment
Machine learning with python [Data Science] #DeepLearning #augmentedreality #learning via https://t.co/vBsHOsqluy https://t.co/2vwNh6wyYT,Neutral Sentiment
Getting Started with Machine Learning #AugmentedReality #deeplearning #learning via https://t.co/u14WxAYdRI https://t.co/AoJ6WkLHCG,Neutral Sentiment
"If you liked this thread, consider following @__xSpace for more such threads on Machine Learning, Mathematics, Stat‚Ä¶ https://t.co/LQsZvVEADg",Positive Sentiment
"By the end of this thread, you would know the terms required to learn to understand the basic Linear Algebra concep‚Ä¶ https://t.co/7mYKvLuxn4",Neutral Sentiment
"üö® NEW - Linear Algebra: Part 1

A Thread of concepts you require for Machine Learning. üßµ",Neutral Sentiment
Random Pearls~Machine Learning #AugmentedReality #learning via https://t.co/vBsHOsqluy https://t.co/gOLQ7pz5ZZ,Neutral Sentiment
[OreillyÏ†ÑÏûêÏ±Ö] Hands-On Keras for Machine Learning Engineers #IT #Ï†ÑÏûêÏ±Ö #POSTECH https://t.co/xqNNkS55Wp,Positive Sentiment
"Machine Learning Project - YouTube Spam Comment Prediction

https://t.co/4ec71DQMaI

 #apachespark  #bigdata‚Ä¶ https://t.co/O7T1sU3Onm",Nagetive Sentiment
"#MachineLearning, #AI and Holocaust Memory.
https://t.co/2Y7WhrTUP6",Neutral Sentiment
The Role Of The Machine In Future #SocialMedia #learning #machinelearning via https://t.co/6qPcNWrkFh https://t.co/72FZVDs5G9,Neutral Sentiment
"I just published The Architectures Powering Machine Learning at Google, Facebook, Uber, LinkedIn https://t.co/4ooQhkxmEw",Neutral Sentiment
SevenMentor | AI | Data Science | Machine Learning Classes on #Google https://t.co/Q1Yt3oFYJl,Neutral Sentiment
"@JICA Sagri-LEAF  to harness satellite data, layer it with Machine Learning, Artificial Intelligence to predict qua‚Ä¶ https://t.co/DvYib7fd0W",Positive Sentiment
Deploying and Managing Your Machine Learning Pipeline with Terraform and Doppler ‚Äì Python¬†Developer https://t.co/ZqKqU8Nacv,Neutral Sentiment
#clouddoor  #SoftwareStartups Turing - Hire the Best Remote Software Developers - https://t.co/rpLV26FE7c Review |‚Ä¶ https://t.co/cy2bFDo7Aw,Positive Sentiment
"Data Scientist ‚Äì Machine Learning &amp; AI| @icealion|Kenya
#ikokaziKE
https://t.co/RrBGi9OD5B",Neutral Sentiment
"1/16 
ISRO will also be harnessing Artificial Intelligence, Machine learning and Big data analysis to make better u‚Ä¶ https://t.co/fcknbxGGs8",Positive Sentiment
"End-to-end Machine Learning Workflow {#Infographic }
https://t.co/oelizXuN44

#MachineLearning‚Ä¶ https://t.co/TpR0P4cGY5",Neutral Sentiment
What is the usage of machine learning in day-to-day and What will be the future advancements in ML?‚Ä¶ https://t.co/m18OqMF9g5,Neutral Sentiment
Imre Sz√ºcs: Harnessing the Power of Machine Learning to Strategize Operational Excellence in the Digital World‚Ä¶ https://t.co/59GRftcHgI,Positive Sentiment
"Software job postings be like:
- Bsc Computer science degree, master in machine learning and AI
- Competent in C++,‚Ä¶ https://t.co/OpDFdD2ELu",Positive Sentiment
"@stplceo @danney7077 Forensics, also machine learning, artificial intelligence, Outer space atmospheric pressure, n‚Ä¶ https://t.co/vhlrps2SKx",Positive Sentiment
"CMU Africa Programme Spotlight
Machine Learning and Data Science, Software Engineering, IT Entrepreneurship, Teleco‚Ä¶ https://t.co/Io391QBZiS",Neutral Sentiment
"Hello Everyone , we are giving this #opportunity to get the Unlimited access to all courses which will cover Quantu‚Ä¶ https://t.co/TfMHk6HUBv",Positive Sentiment
Read here the key points of difference between AI vs machine learning to clear people's confusion regarding what is‚Ä¶ https://t.co/KWV4EiIZVx,Positive Sentiment
Africa Data School is one of the best online platforms that can help you become a Data Scientist. It offers great t‚Ä¶ https://t.co/U1yiS2G2Ye,Positive Sentiment
"Marketing and sales prioritize AI and machine learning higher than any other department in enterprises today.
Are y‚Ä¶ https://t.co/3s0aKNGTDe",Neutral Sentiment
What is Artificial Intelligence? ‚Äì Machine Learning Explained! https://t.co/8EAPFm2h5w,Positive Sentiment
"By the end of the decade, artificial intelligence, machine learning, and self-learning algorithms, are predicted to‚Ä¶ https://t.co/V63vVm5w52",Positive Sentiment
"Want to Learn Quantum Machine Learning? Here‚Äôs How!
https://t.co/IFQzNkamEN
#QuantumMachineLearning‚Ä¶ https://t.co/NjyMfPWYUW",Positive Sentiment
The Role Of The Machine In Future #SocialMedia #learning #machinelearning via https://t.co/olBiC9iZIh https://t.co/Cbhbi5stwj,Neutral Sentiment
Tensorflow's challenge to accurately identify starfish in real-time by building an object detection machine learnin‚Ä¶ https://t.co/8IlEH9pA21,Positive Sentiment
"Planet Labs is looking to hire a Senior Machine Learning Engineer (BE21-277) in London, United Kingdom. For details‚Ä¶ https://t.co/RqpCnURqAw",Positive Sentiment
"Machine Learning Project - Predicting the Cellular Localization Sites of Proteins in Yest

https://t.co/lyCwEs1epF‚Ä¶ https://t.co/W6lovKe4u2",Neutral Sentiment
The Role Of The Machine In Future #SocialMedia #learning #machinelearning via https://t.co/cBj7YRwrst https://t.co/7UxR2XC7If,Neutral Sentiment
"Linear Algebra for Machine learning
https://t.co/7kMwGjfwCU
 Linear Algebra is an essential field of mathematics, w‚Ä¶ https://t.co/xhGxX9NW4P",Neutral Sentiment
"Hello friends,
https://t.co/iTLVzuiHQr
My next video ü§ûüèªIs only Python language is used for Machine Learning?.. Is t‚Ä¶ https://t.co/iJg8THOf6o",Positive Sentiment
"Hello friends,
https://t.co/iTLVzuiHQr
My next video ü§ûüèªIs only Python language is used for Machine Learning?.. Is t‚Ä¶ https://t.co/iQZcxcwzz1",Positive Sentiment
"Tenure Track Position, Assistant Professor in Machine Learning ‚Äì UvA, Netherlands 2022 
https://t.co/uzEr6CWrGF‚Ä¶ https://t.co/ay0EckHayn",Neutral Sentiment
"In Data Science, machines can learn by themselves without being explicitly programmed by humans.
.
.
Visit us :‚Ä¶ https://t.co/XA6h23EpJE",Neutral Sentiment
"Time ticks away all the time, no one has the control over it except Kalabhairava. It's up to you how to make the ma‚Ä¶ https://t.co/FkPrlnjdae",Neutral Sentiment
"NIT Warangal offers one-week online training on AI, Machine Learning https://t.co/eolAXqfGdw #ai #machinelearning‚Ä¶ https://t.co/DXhzLE4FMM",Neutral Sentiment
"#Bottomline:
We need to ensure that inputs for machine learning from big data sufficiently reflect women and men in‚Ä¶ https://t.co/2PJB1iFDl9",Positive Sentiment
"Chemoinformatics and Machine Learning Approaches for Identifying Antiviral Compounds 
https://t.co/zSiFNjgUBf‚Ä¶ https://t.co/xIWAutaa5Q",Neutral Sentiment
"If you're a perpetual learning machine ,you will never be out of option for how to make money.",Neutral Sentiment
"AI and machine learning algorithms observe, interpret trends in data and form associations through pattern recognit‚Ä¶ https://t.co/K0cIlIoY8G",Neutral Sentiment
"#Google FREE #MachineLearning Course
https://t.co/S1Obcwht6D
v/ @SourabhSKatoch

#100DaysOfCode #DataScience‚Ä¶ https://t.co/7mMAX4YNmt",Positive Sentiment
"Top 7 #MachineLearning Courses: 
1 MachineLearning 
2 #DeepLearning Specialization 
3 #Machine_Learning Crash‚Ä¶ https://t.co/k8cwsdHQdg",Nagetive Sentiment
"@eddiejaoude @github Find Data Science and Machine Learning projects on my GitHub
https://t.co/qPBFA4p3zI",Neutral Sentiment
"Additionally I got a chance to be a part of wonderful communities like @CreworkHQ, The Hack Weekly.

Being active i‚Ä¶ https://t.co/xbwn9lLhQn",Positive Sentiment
"#NewsAlert üö®

Deep network detects whopping 301 new planets beyond our solar system. 

The discovery was made possi‚Ä¶ https://t.co/AHSy8ABV8K",Neutral Sentiment
"@Mathnal1 dude, do I look (or sound) like a machine learning guy? Can you not randomly add me to anything? Thanks.‚Ä¶ https://t.co/F3uMRvYbl7",Positive Sentiment
A Formidable Combination of Lizhi Machine Learning Platform&amp; DolphinScheduler Creates New Paradigm‚Ä¶ https://t.co/ilUcM1QdXE,Positive Sentiment
We're collaborating with @OricaLimited to make mining more #sustainable. Our experts highlight how they're leveragi‚Ä¶ https://t.co/HWC1KFducs,Positive Sentiment
"Machine Learning Project - Mobile Price Classification

https://t.co/Fub1mfB3w7
 
#apachespark  #bigdata‚Ä¶ https://t.co/UxinxkhEQu",Neutral Sentiment
"Is your business AI-Ready? Accelerate, automate and enhance your application workloads with Tyrone AI-ready servers‚Ä¶ https://t.co/3gfvjdH02c",Positive Sentiment
"Is your business AI-Ready? Accelerate, automate and enhance your application workloads with Tyrone AI-ready servers‚Ä¶ https://t.co/cP3L89Om8S",Positive Sentiment
"""Prof. Vladimer Kobayashi (Dept. of Math., Physics, and Computer Sci.) served as a panelist/reactor in the ""GAME 20‚Ä¶ https://t.co/4epW8A7K1g",Neutral Sentiment
"Machine Learning with Python Classroom training.
https://t.co/hPSSkDYbYh
#nearlearn #datascience #machinelearning‚Ä¶ https://t.co/rqBegNB32c",Neutral Sentiment
Machine Learning Framework for Operating Systems https://t.co/GEQALte8By,Neutral Sentiment
"Even with powerful tools, one retailer struggled with platform instability (rising #Cloud costs weren't helping). H‚Ä¶ https://t.co/fIEMXusNMw",Positive Sentiment
"This week at #PRClub!

We continue our theme of AI &amp; Machine Learning with a session by Nataraj N, Nirmata.

Sign u‚Ä¶ https://t.co/ykltTISnlr",Neutral Sentiment
"Machine Learning In Power BI by Alex Whittles.
Watch on-demand: https://t.co/uOX7ZjU0ja https://t.co/jpvNAuKS7P",Nagetive Sentiment
"Which technologies will be the most important in 2022? The IEEE study ""The Impact of Technology in 2022 and Beyond""‚Ä¶ https://t.co/GsraybiwKv",Positive Sentiment
"Learn Machine Learning, and then learn philosophy. You'll have the time of your life.",Neutral Sentiment
"In the latest episode of AI/ML &amp; Data Talks Podcast, Sam  Witteveen, CEO &amp; Co-Founder of Red Dragon AI and GDE for‚Ä¶ https://t.co/RHXBYkNbK7",Neutral Sentiment
Catch @IntuitIN's Vignesh Subrahmaniam and @simplilearn's Anand Narayanan as they talk about how their companies ar‚Ä¶ https://t.co/PJBPKXXMOR,Neutral Sentiment
Machine Learning 101 begins here: https://t.co/oeadohor55 #machinelearning #kmeans #supervisedlearning #algorithm‚Ä¶ https://t.co/O78c4vPKVm,Neutral Sentiment
Feature Engineering for Machine Learning #AugmentedReality #deeplearning #learning via https://t.co/u14WxAYdRI https://t.co/XZwWfYO0Oz,Neutral Sentiment
"@ramitsawhney for me there is no-one professor or any student who can work with me in research .
I am a second year‚Ä¶ https://t.co/SH3Uo1eN1N",Neutral Sentiment
We use our years of experience and expertise in Artificial Intelligence and Machine Learning to help you optimize y‚Ä¶ https://t.co/t6qqOH6wnt,Positive Sentiment
Can a Machine Learn Morality? #Innovation #learning #machinelearning via https://t.co/6qPcNWrkFh https://t.co/yD3SjMEv9G,Neutral Sentiment
"#AmityHappenings                                                              Join us for an interactive talk on ""I‚Ä¶ https://t.co/078IJwPl9O",Positive Sentiment
Artificial intelligence is a set of algorithms and intelligence to try to mimic human intelligence. Machine learnin‚Ä¶ https://t.co/GY2lZIBZky,Positive Sentiment
"#66daysofdata Day 24-25

SQL: CASE WHEN...THEN...; CASE WHEN with aggregate functions

Intro to statistics (Courser‚Ä¶ https://t.co/SRu4A5xsia",Neutral Sentiment
Advancing AI With Data And Machine Learning #ArtificialIntelligence #learning #machinelearning  https://t.co/XxjRELhZhn,Neutral Sentiment
"Is #MachineLearning Currently Hyped?

@KirkDBorne @DeepLearn007 @ipfconline1 @DiegoKuonen @SpirosMargaris‚Ä¶ https://t.co/JuVB9xO3Gz",Neutral Sentiment
Contextual Advertising 101: AI and Machine Learning in Advertising. on Apple Podcasts https://t.co/Oj9maX0ydV,Neutral Sentiment
Novartis empowers scientists with @Microsoft #AI to speed the discovery and development of break through medicines.‚Ä¶ https://t.co/xs5T9k1EE8,Neutral Sentiment
Deep learning provides value in certain industrial inspection including tasks such as defect detection and assembly‚Ä¶ https://t.co/oPfM6T4ZBf,Positive Sentiment
@Chelseabluejay Rip ND filter.. M machine learning does it for you üôèü§£,Neutral Sentiment
"[arXiv] Data Excellence for AI: Why Should You Care. (arXiv:2111.10391v1 [cs.LG]) --&gt;

The efficacy of machine lear‚Ä¶ https://t.co/6MW3kRx1ya",Positive Sentiment
"[arXiv] Towards Return Parity in Markov Decision Processes. (arXiv:2111.10476v1 [cs.LG]) --&gt;

Algorithmic decisions‚Ä¶ https://t.co/MtvRgyJLJF",Positive Sentiment
Can a Machine Learn Morality? #Learning #artificialintelligence #machinelearning via https://t.co/J8WAVitxGc https://t.co/tOpnHyv7Ry,Neutral Sentiment
"Even with powerful tools, one retailer struggled with platform instability (rising #Cloud costs weren't helping). H‚Ä¶ https://t.co/CpiEGyLyRZ",Positive Sentiment
"In the latest episode of AI/ML &amp; Data Talks Podcast, Sam  Witteveen, CEO &amp; Co-Founder of Red Dragon AI and GDE for‚Ä¶ https://t.co/Dw3vypcrPR",Neutral Sentiment
"Machine Learning Project - Classifying gender based on personal preferences 

https://t.co/muuIoj8rTh

#apachespark‚Ä¶ https://t.co/2XjaygtFFi",Neutral Sentiment
Machine Learning Algorithm Sidesteps the Scientific Method: https://t.co/pyJVXN7n6f https://t.co/g9JtUgr3cB,Neutral Sentiment
"[arXiv] Learning by Active Forgetting for Neural Networks. (arXiv:2111.10831v1 [cs.LG]) --&gt;

Remembering and forget‚Ä¶ https://t.co/EFbovkIac4",Positive Sentiment
Proxima360 Supercharges Retail Business with Machine Learning ‚Äì The Village¬†Voice https://t.co/CMUqCua2Ro,Neutral Sentiment
Can a Machine Learn Morality? #Innovation #learning #machinelearning via https://t.co/1BJQzgSVRL https://t.co/ZNhPLCOvag,Neutral Sentiment
"How To Build AI, Machine Learning Startups w Sramana Mitra #Startup #augmentedreality #learning via‚Ä¶ https://t.co/RFUy0SizKx",Neutral Sentiment
Introduction to Machine learning and Deep learning. Already registered. https://t.co/YxOonCVXGp,Neutral Sentiment
Bring Your Amazon SageMaker model into Amazon Redshift for remote inference https://t.co/rmJvhpDAw7 AWS Machine Learning Blog #AWS,Positive Sentiment
Proxima360 Supercharges Retail Business with Machine Learning ‚Äì The Village¬†Voice https://t.co/4EgWkQvFEa,Neutral Sentiment
"How To Build AI, Machine Learning Startups w Sramana Mitra #AugmentedReality #learning #startup  https://t.co/fCf3SGiBpp",Neutral Sentiment
@JustChe71741078 @Frankisalegend1 A few years ago I got interested in machine learning. Took a couple of classes in‚Ä¶ https://t.co/q8EPK88Q8x,Positive Sentiment
Feature Engineering for Machine Learning #AugmentedReality #deeplearning #learning  https://t.co/5k37KWtBh0,Neutral Sentiment
Do you want fr-AI-s with that appy-meal? McDonald's gobbles machine-learning biz for human-free Drive Thrus‚Ä¶ https://t.co/65IxfSUUvH,Positive Sentiment
"A revolution powered by #machinelearning and artificial intelligence is inevitable in customer communication. 
This‚Ä¶ https://t.co/mOQn2xJZvn",Positive Sentiment
"@vicmasooh @janetmachuka_ Are you interested in freelancing? Doing data analysis using R and machine learning..if yes, DM",Positive Sentiment
The Second Indian Symposium on Machine Learning (#IndoML) will be hosted by the Indian Institute of Technology Gand‚Ä¶ https://t.co/TETp3FbP20,Neutral Sentiment
Top 30 Machine Learning Projects Ideas for Beginners in 2021 #Learning #machinelearning via https://t.co/6qPcNWrkFh https://t.co/Gld3242YBz,Positive Sentiment
"Some people say¬†learning to program is hard, tedious and excruciating. It‚Äôs like¬†learning a new language, just to t‚Ä¶ https://t.co/aCKPrbgMQI",Nagetive Sentiment
Snowflake delivers virtually unlimited performance and scales to organizations that want to leverage the latest tec‚Ä¶ https://t.co/RR4Fe9VxLz,Positive Sentiment
"Episode 41: On Using Machine Learning and AI with Jalem Getz, President &amp; CEO at Wantable, Inc. via @RebarTechnology https://t.co/myBobrh923",Neutral Sentiment
"Steps to Become a Data Scientist:

1. Skill-Up in applied mathematics &amp; statistics
2. Grasp Machine Learning
3. Lea‚Ä¶ https://t.co/Siw0HB2vCr",Neutral Sentiment
Feature Engineering for Machine Learning #DeepLearning #augmentedreality #learning via https://t.co/cBj7YRwrst https://t.co/4bSGMMe2sZ,Neutral Sentiment
"@kunalstwt Kunal bro, Is there any math prerequisite for machine learning bootcamp",Neutral Sentiment
Implementing Machine Learning steps using Regression Model. #machinelearning https://t.co/mkBPvbLLcO,Neutral Sentiment
Do you want fr-AI-s with that appy-meal? McDonald's gobbles machine-learning biz for human-free Drive Thrus‚Ä¶ https://t.co/5kwWrgpMz7,Positive Sentiment
"Prediction task is to determine whether a person makes over 50K a year 

https://t.co/Eq6TyKySMT

#machinelearning‚Ä¶ https://t.co/WjvoTCcuei",Neutral Sentiment
"Here is a nice repository with an impressive list of machine learning &amp; NLP papers

#MachineLearning #ML #NLP #AI‚Ä¶ https://t.co/xatQkiYkzO",Positive Sentiment
New Delhi: ¬†The ongoing global Covid-19 pandemic has accelerated adoption of technologies such as Artificial Intell‚Ä¶ https://t.co/qjdGtkUa7h,Neutral Sentiment
The ongoing global Covid-19 pandemic has accelerated adoption of technologies such as Artificial Intelligence (AI)‚Ä¶ https://t.co/uh7FrO87C7,Positive Sentiment
@Aakefah We did that in our Machine learning course. But ulta kam marks deay khud ko. üò¨üò¨,Neutral Sentiment
"As a part of Eduonix Live Machine Learning Program, this course will give you an in-depth understanding of how Goog‚Ä¶ https://t.co/iLi0PLXOj7",Neutral Sentiment
"@kunalstwt kunal bro, is there any math prerequisite for machine learning Bootcamp. If you ans, then I can preoare for the bootcamp",Neutral Sentiment
"PhD Position in the Department of Plant and soil science at University of Delaware ,USA üá∫üá∏.

Area of research is in‚Ä¶ https://t.co/wSlB2RQIdc",Neutral Sentiment
Predict Ads Click ‚Äì Practice Data Analysis and Logistic Regression Prediction (93% Accuracy)‚Ä¶ https://t.co/17spUydfo0,Neutral Sentiment
"Dropped a review for @MacinCloud

All good things come to an end.

Glad such services exist. Started learning iOS o‚Ä¶ https://t.co/lMWheTelCM",Positive Sentiment
"Machine Learning:

#coding #MachineLearning #DataScience #Developers #Database #programmer #softwaredevelopment‚Ä¶ https://t.co/eDNiiAkkaU",Neutral Sentiment
"SynapseML: A simple, multilingual, and massively parallel machine learning library #machinelearning #synapseML https://t.co/syTzJME45r",Neutral Sentiment
Super powerful algorithms and utils for Machine Learning in JavaScript https://t.co/j3wXbiVneL,Positive Sentiment
Attending #AviationFest next week? Join our Retail Roundtable on 1 Dec when  @PaulByrne66 and Phil Hinton will be d‚Ä¶ https://t.co/29lvAhkFGG,Positive Sentiment
Getting started with Machine Learning #ArtificialIntelligence #learning #machinelearning via https://t.co/u14WxAYdRI https://t.co/Dteqhx3Ipr,Neutral Sentiment
"Probabilistic Machine Learning PROBABILITY: MULTIVARIATE MODELS
#AI #DataScientist #BigData #MachineLearning‚Ä¶ https://t.co/OFu7u8sD8e",Neutral Sentiment
"""There is substantially more data available to us with more uses than we probably ever could have imagined. That‚Äôs‚Ä¶ https://t.co/lOGfaY8HP8",Neutral Sentiment
"#NEWEPISODE #Podcast
Machine Learning vs Human Learning - https://t.co/47cDjAYu5c

via @podcastpage",Neutral Sentiment
